app_num,app_date,coapp_f_name,coapp_l_name,a_email,a_email,a_f_name,a_l_name,a_street_addr,a_city,a_state,a_postal_code,a_phone,is_approved,is_rejected,adoption_date
1,2019-01-01,Casie,Comnick,hcallaro@cancity.com,hcallaro@cancity.com,Helga,Callaro,7628 7-street,Greensboro,NJ,4569,4556917286,1,0,2019-04-16
2,2019-01-01,Selma,Maclead,fdelasancha@inity.com,fdelasancha@inity.com,France,Delasancha,2862 12-street,Newark,TX,66783,2275019405,1,0,2019-02-01
4,2019-01-02,Nana,Tollner,jblackwood@dambase.com,jblackwood@dambase.com,Judy,Blackwood,6777 15-street,Oakland,MN,61777,974760756,1,0,2019-01-09
6,2019-01-02,Quentin,Loader,acoyier@hottechi.com,acoyier@hottechi.com,Annmarie,Coyier,1379 17-street,Mesa,VA,98743,3406432705,1,0,2019-01-09
7,2019-01-03,,,lhamilton@labdrill.com,lhamilton@labdrill.com,Lai,Hamilton,2726 13-street,Irving,AZ,69986,4670203056,1,0,2019-03-22
10,2019-01-04,Kaitlyn,Klimek,mhollack@scottech.com,mhollack@scottech.com,Mozell,Hollack,321 12-street,Plano,NV,99069,2812000053,1,0,
11,2019-01-07,Raylene,Blackwood,rgarufi@bioplex.com,rgarufi@bioplex.com,Regenia,Garufi,8020 6-street,Kansas City,AZ,14901,2817952195,1,0,2019-06-04
15,2019-01-08,Roosevelt,Springe,gkines@inity.com,gkines@inity.com,Gearldine,Kines,9024 7-street,St. Petersburg,AZ,54656,8292555533,1,0,2019-06-06
16,2019-01-08,Delisa,Keetch,amiceli@blackzim.com,amiceli@blackzim.com,An,Miceli,6950 8-street,Durham,WI,63410,212506214,1,0,2019-01-17
17,2019-01-09,Ammie,Heintzman,cscipione@kan-code.com,cscipione@kan-code.com,Cecily,Scipione,4492 21-street,Albuquerque,AZ,84625,6166913095,1,0,2019-01-28
18,2019-01-09,Lashaunda,Paulas,lmorocco@year-job.com,lmorocco@year-job.com,Lorrie,Morocco,2629 1-street,Baltimore,OK,27365,428043150,1,0,2019-01-29
20,2019-01-10,Evangelina,Crupi,jrestrepo@konmatfix.com,jrestrepo@konmatfix.com,Jettie,Restrepo,8358 20-street,Baton Rouge,TX,98180,2580479634,1,0,2019-02-21
21,2019-01-10,,,jlueckenbach@plussunin.com,jlueckenbach@plussunin.com,Jani,Lueckenbach,8220 17-street,Fort Wayne,FL,16818,835309870,1,0,
23,2019-01-11,,,ggalam@ron-tech.com,ggalam@ron-tech.com,Glen,Galam,1051 20-street,Omaha,NC,70245,6803773336,1,0,2019-01-25
24,2019-01-14,Leonora,Coyier,dkines@betatech.com,dkines@betatech.com,Dorthy,Kines,9057 19-street,Sacramento,CA,75064,9497063223,1,0,
25,2019-01-14,Virgina,Perin,kcraghead@sumace.com,kcraghead@sumace.com,Kayleigh,Craghead,5350 6-street,Denver,CO,22151,2945618913,1,0,2019-03-11
26,2019-01-15,Melissa,Vanheusen,dgellinger@dambase.com,dgellinger@dambase.com,Devora,Gellinger,3711 13-street,Corpus Christi,KY,3268,8628090963,1,0,2019-01-22
27,2019-01-16,,,hmenter@doncon.com,hmenter@doncon.com,Hillary,Menter,3773 11-street,Hialeah,NV,25516,5879884007,1,0,2019-02-14
29,2019-01-17,Vilma,Marrier,snicka@year-job.com,snicka@year-job.com,Shonda,Nicka,8687 19-street,Louisville/Jefferson County,OR,24281,2134076388,1,0,2019-02-22
30,2019-01-17,Willard,Albares,cpugh@domzoom.com,cpugh@domzoom.com,Carmela,Pugh,647 9-street,Oklahoma City,KY,85065,1757054248,1,0,2019-08-05
31,2019-01-17,Lezlie,Steffensmeier,cscipione@kan-code.com,cscipione@kan-code.com,Cecily,Scipione,4492 21-street,Albuquerque,AZ,84625,6166913095,1,0,2019-05-08
32,2019-01-18,Devora,Meinerding,jspickerman@y-corporation.com,jspickerman@y-corporation.com,Joseph,Spickerman,3992 8-street,Anaheim,CA,87162,631902612,1,0,2019-04-08
33,2019-01-18,,,cpagliuca@betasoloin.com,cpagliuca@betasoloin.com,Catarina,Pagliuca,2537 18-street,Chesapeake,AZ,39058,4285698314,1,0,2019-05-27
34,2019-01-21,Janine,Cetta,cpaulas@opentech.com,cpaulas@opentech.com,Carlee,Paulas,6751 6-street,St. Louis,CA,40354,7399274620,1,0,2019-03-29
35,2019-01-21,Tamar,Lawler,troyster@kan-code.com,troyster@kan-code.com,Ty,Royster,6993 11-street,Jersey City,CA,67631,7809866690,1,0,2019-01-21
36,2019-01-22,Mirta,Yglesias,ahoogland@doncon.com,ahoogland@doncon.com,Alex,Hoogland,255 12-street,Chula Vista,IN,57009,4387341818,1,0,2019-07-12
37,2019-01-22,Dorothy,Frerking,mhollack@scottech.com,mhollack@scottech.com,Mozell,Hollack,321 12-street,Plano,NV,99069,2812000053,1,0,2019-02-21
39,2019-01-23,Izetta,Myricks,eperigo@plussunin.com,eperigo@plussunin.com,Eladia,Perigo,6759 16-street,Jersey City,CA,50660,1059814975,1,0,2019-02-20
40,2019-01-23,Felix,Kitty,estenseth@cancity.com,estenseth@cancity.com,Erinn,Stenseth,6364 14-street,Lubbock,CA,12415,5878076341,1,0,2019-06-17
41,2019-01-23,,,kharnos@conecom.com,kharnos@conecom.com,Kanisha,Harnos,1343 15-street,Chesapeake,AZ,75142,5651564822,1,0,2019-03-05
42,2019-01-24,Jennifer,Saylors,cpugh@domzoom.com,cpugh@domzoom.com,Carmela,Pugh,647 9-street,Oklahoma City,KY,85065,1757054248,1,0,2019-02-20
44,2019-01-24,,,afigeroa@labdrill.com,afigeroa@labdrill.com,Alpha,Figeroa,812 21-street,Garland,FL,55207,6572550852,1,0,2019-05-16
45,2019-01-25,Wynell,Candlish,hcallaro@cancity.com,hcallaro@cancity.com,Helga,Callaro,7628 7-street,Greensboro,NJ,4569,4556917286,1,0,2019-02-04
48,2019-01-25,Bette,Nachor,ebowley@ganjaflex.com,ebowley@ganjaflex.com,Ernie,Bowley,3121 12-street,Plano,NV,3558,9407037638,1,0,2019-06-07
49,2019-01-28,,,estenseth@cancity.com,estenseth@cancity.com,Erinn,Stenseth,6364 14-street,Lubbock,CA,12415,5878076341,1,0,2019-03-21
50,2019-01-28,Kris,Pedrozo,esaylors@y-corporation.com,esaylors@y-corporation.com,Evangelina,Saylors,714 1-street,Sacramento,CA,17261,167588959,1,0,2019-03-19
51,2019-01-28,An,Dhamer,kweglarz@streethex.com,kweglarz@streethex.com,Kayleigh,Weglarz,9715 16-street,Kansas City,AZ,98923,776708535,1,0,2019-05-15
53,2019-01-29,Howard,Lipke,lpadilla@conecom.com,lpadilla@conecom.com,Leota,Padilla,6301 14-street,Wichita,TX,78386,6956904911,1,0,2019-02-19
54,2019-01-30,,,ccoody@sonron.com,ccoody@sonron.com,Carissa,Coody,2335 7-street,Memphis,TN,49402,8809306211,1,0,2019-05-17
55,2019-01-30,Jeanice,Heintzman,lwalthall@betasoloin.com,lwalthall@betasoloin.com,Laurel,Walthall,3863 8-street,Charlotte,NC,18095,5336512883,1,0,
56,2019-01-31,Daren,Montezuma,elary@lexiqvolax.com,elary@lexiqvolax.com,Erick,Lary,6988 17-street,Buffalo,NJ,51772,1316212290,1,0,
58,2019-02-01,Christiane,Rentfro,etromblay@toughzap.com,etromblay@toughzap.com,Elouise,Tromblay,4110 6-street,Santa Ana,MO,73576,947509402,1,0,
59,2019-02-01,Brittni,Boord,eadkin@stanredtax.com,eadkin@stanredtax.com,Elly,Adkin,346 21-street,Portland,NV,75532,7579751550,1,0,2019-03-04
60,2019-02-01,Carlee,Jurney,snicka@year-job.com,snicka@year-job.com,Shonda,Nicka,8687 19-street,Louisville/Jefferson County,OR,24281,2134076388,1,0,2019-02-15
61,2019-02-04,Estrella,Acey,jblackwood@dambase.com,jblackwood@dambase.com,Judy,Blackwood,6777 15-street,Oakland,MN,61777,974760756,1,0,2019-04-09
63,2019-02-04,Shalon,Perruzza,lpadilla@conecom.com,lpadilla@conecom.com,Leota,Padilla,6301 14-street,Wichita,TX,78386,6956904911,1,0,2019-08-22
64,2019-02-04,Matthew,Sawchuk,brhym@dambase.com,brhym@dambase.com,Buddy,Rhym,6822 11-street,Colorado Springs,NE,48984,1763305209,1,0,2020-05-20
65,2019-02-05,Detra,Kohnert,bpoullion@opentech.com,bpoullion@opentech.com,Brett,Poullion,2377 13-street,Hialeah,NV,15054,8248844862,1,0,2019-02-21
67,2019-02-05,Yolando,Wieser,msarao@newex.com,msarao@newex.com,Maurine,Sarao,1334 7-street,Arlington,LA,95129,4568765994,1,0,2019-06-17
68,2019-02-06,Novella,Heintzman,ebowley@ganjaflex.com,ebowley@ganjaflex.com,Ernie,Bowley,3121 12-street,Plano,NV,3558,9407037638,1,0,2019-10-21
71,2019-02-07,,,lschoeneck@streethex.com,lschoeneck@streethex.com,Lindsey,Schoeneck,9020 15-street,Chula Vista,IN,84830,2211344817,1,0,2019-04-03
72,2019-02-07,Myra,Caudy,bmastella@kan-code.com,bmastella@kan-code.com,Brittni,Mastella,1142 11-street,Virginia Beach,GA,86605,3703831645,1,0,
73,2019-02-08,Timothy,Aquas,rvanheusen@statholdings.com,rvanheusen@statholdings.com,Roosevelt,Vanheusen,1269 13-street,Phoenix,AZ,1497,9827706913,1,0,
74,2019-02-08,Viola,Riden,lbayless@sumace.com,lbayless@sumace.com,Lorrine,Bayless,4015 17-street,Austin,TX,23088,3882307371,1,0,2019-11-05
75,2019-02-08,Lezlie,Gabisi,vknipp@year-job.com,vknipp@year-job.com,Viva,Knipp,4275 6-street,Stockton,OH,17197,6920051808,1,0,
76,2019-02-11,,,anievas@rangreen.com,anievas@rangreen.com,Alline,Nievas,5735 1-street,Stockton,OH,61767,1540065789,1,0,2020-02-20
77,2019-02-12,Tresa,Juvera,jkarpel@mathtouch.com,jkarpel@mathtouch.com,Justine,Karpel,5493 1-street,Fresno,CA,59927,1064056528,1,0,2019-06-19
78,2019-02-12,Aja,Vonasek,msarao@newex.com,msarao@newex.com,Maurine,Sarao,1334 7-street,Arlington,LA,95129,4568765994,1,0,2019-07-17
79,2019-02-12,,,ahoogland@y-corporation.com,ahoogland@y-corporation.com,Ammie,Hoogland,7286 6-street,Tampa,HI,84881,3880116823,1,0,
81,2019-02-13,Kallie,Tollner,wmeteer@domzoom.com,wmeteer@domzoom.com,Willodean,Meteer,826 10-street,Toledo,NC,10134,1962927175,1,0,2020-02-18
83,2019-02-14,Alesia,Scriven,clawler@dontechi.com,clawler@dontechi.com,Chau,Lawler,1147 9-street,Columbus,OH,34302,3270032002,1,0,
84,2019-02-15,Malcolm,Vocelka,hseewald@j-texon.com,hseewald@j-texon.com,Helga,Seewald,4606 15-street,Colorado Springs,NE,66599,1110994610,1,0,2019-12-31
85,2019-02-15,,,mreiber@scottech.com,mreiber@scottech.com,Marguerita,Reiber,6710 19-street,Wichita,TX,23815,1465945858,1,0,2019-02-26
86,2019-02-15,Carissa,Vonasek,mbolognia@finjob.com,mbolognia@finjob.com,Mitsue,Bolognia,9389 18-street,Detroit,MI,47637,779534703,1,0,2019-11-26
88,2019-02-18,Winfred,Daufeldt,kpedrozo@kan-code.com,kpedrozo@kan-code.com,Kris,Pedrozo,289 21-street,North Las Vegas,CA,21987,2805097775,1,0,2020-05-01
90,2019-02-18,Rima,Corbley,acoyier@hottechi.com,acoyier@hottechi.com,Annmarie,Coyier,1379 17-street,Mesa,VA,98743,3406432705,1,0,2019-05-03
91,2019-02-19,,,mreiber@scottech.com,mreiber@scottech.com,Marguerita,Reiber,6710 19-street,Wichita,TX,23815,1465945858,1,0,
92,2019-02-20,,,lpadilla@conecom.com,lpadilla@conecom.com,Leota,Padilla,6301 14-street,Wichita,TX,78386,6956904911,1,0,
93,2019-02-20,Rikki,Sengbusch,egoldammer@scottech.com,egoldammer@scottech.com,Elke,Goldammer,5061 3-street,Madison,TX,31967,7636589113,1,0,
94,2019-02-21,Pete,Campain,vknipp@year-job.com,vknipp@year-job.com,Viva,Knipp,4275 6-street,Stockton,OH,17197,6920051808,1,0,2019-08-16
95,2019-02-21,,,kharnos@conecom.com,kharnos@conecom.com,Kanisha,Harnos,1343 15-street,Chesapeake,AZ,75142,5651564822,1,0,
97,2019-02-22,Venita,Springe,jmirafuentes@rangreen.com,jmirafuentes@rangreen.com,Jolanda,Mirafuentes,5701 5-street,Orlando,FL,1741,7619983851,1,0,2019-07-18
98,2019-02-22,Carlee,Figeroa,jpoquette@ron-tech.com,jpoquette@ron-tech.com,Johnetta,Poquette,2714 13-street,Riverside,TX,8562,5358671206,1,0,2019-05-23
99,2019-02-25,Alyce,Tawil,msetter@fasehatice.com,msetter@fasehatice.com,Merissa,Setter,4798 5-street,Atlanta,CO,27044,8221492776,1,0,2020-01-03
100,2019-02-25,Kanisha,Lungren,lbayless@sumace.com,lbayless@sumace.com,Lorrine,Bayless,4015 17-street,Austin,TX,23088,3882307371,1,0,2019-05-02
101,2019-02-26,Leota,Estell,brhym@dambase.com,brhym@dambase.com,Buddy,Rhym,6822 11-street,Colorado Springs,NE,48984,1763305209,1,0,2019-03-19
102,2019-02-26,,,esaylors@groovestreet.com,esaylors@groovestreet.com,Estrella,Saylors,8624 2-street,Winston-Salem,AZ,7775,5148314369,1,0,
103,2019-02-27,Stephen,Reiber,dscipione@dambase.com,dscipione@dambase.com,Denise,Scipione,299 8-street,North Las Vegas,CA,74474,4302798321,1,0,
104,2019-02-27,Oretha,Swayze,aspickerman@green-plus.com,aspickerman@green-plus.com,Albina,Spickerman,9182 8-street,Anchorage,CA,88656,4965767143,1,0,2019-06-21
107,2019-02-28,Dierdre,Schmaltz,adenooyer@kinnamplus.com,adenooyer@kinnamplus.com,Art,Denooyer,8189 4-street,Irvine,NC,93779,1737623015,1,0,
110,2019-03-01,,,adenooyer@kinnamplus.com,adenooyer@kinnamplus.com,Art,Denooyer,8189 4-street,Irvine,NC,93779,1737623015,1,0,2019-04-12
111,2019-03-01,Nicolette,Samara,ggalam@ron-tech.com,ggalam@ron-tech.com,Glen,Galam,1051 20-street,Omaha,NC,70245,6803773336,1,0,2019-04-25
112,2019-03-01,Elvera,Isenhower,esaylors@y-corporation.com,esaylors@y-corporation.com,Evangelina,Saylors,714 1-street,Sacramento,CA,17261,167588959,1,0,
113,2019-03-04,Zona,Lacovara,troyster@kan-code.com,troyster@kan-code.com,Ty,Royster,6993 11-street,Jersey City,CA,67631,7809866690,1,0,2019-04-04
114,2019-03-04,,,vknipp@year-job.com,vknipp@year-job.com,Viva,Knipp,4275 6-street,Stockton,OH,17197,6920051808,1,0,2019-09-16
116,2019-03-05,Chaya,Cloney,lmonarrez@goodsilron.com,lmonarrez@goodsilron.com,Larae,Monarrez,8793 2-street,Miami,CA,240,9692306614,1,0,2020-04-24
117,2019-03-05,Kimbery,Bourbon,clawler@dontechi.com,clawler@dontechi.com,Chau,Lawler,1147 9-street,Columbus,OH,34302,3270032002,1,0,
119,2019-03-06,Freeman,Berlanga,amiceli@blackzim.com,amiceli@blackzim.com,An,Miceli,6950 8-street,Durham,WI,63410,212506214,1,0,
121,2019-03-06,Thurman,Saylors,szepp@dalttechnology.com,szepp@dalttechnology.com,Shonda,Zepp,4752 5-street,Toledo,NC,80532,856916853,1,0,2019-07-05
122,2019-03-06,Sabra,Sweigard,lkarpel@nam-zim.com,lkarpel@nam-zim.com,Lorrine,Karpel,3646 19-street,Miami,CA,45960,3417123913,1,0,
123,2019-03-07,Shenika,Gibes,mbolognia@finjob.com,mbolognia@finjob.com,Mitsue,Bolognia,9389 18-street,Detroit,MI,47637,779534703,1,0,
124,2019-03-07,,,awildfong@conecom.com,awildfong@conecom.com,Amber,Wildfong,8735 7-street,Tampa,HI,87978,164165810,1,0,2019-04-16
125,2019-03-07,Lonna,Biddy,tkines@sumace.com,tkines@sumace.com,Timothy,Kines,3481 14-street,Denver,CO,90861,1717769169,1,0,
126,2019-03-07,,,loldroyd@hottechi.com,loldroyd@hottechi.com,Lucy,Oldroyd,9392 18-street,Nashville-Davidson,MD,34894,8274477101,1,0,
128,2019-03-08,Regenia,Ostrosky,dscipione@dambase.com,dscipione@dambase.com,Denise,Scipione,299 8-street,North Las Vegas,CA,74474,4302798321,1,0,2019-07-24
129,2019-03-08,Joni,Neither,smeteer@dalttechnology.com,smeteer@dalttechnology.com,Serina,Meteer,1473 12-street,Richmond,CA,19203,9502296621,1,0,2020-01-03
131,2019-03-11,,,mbolognia@finjob.com,mbolognia@finjob.com,Mitsue,Bolognia,9389 18-street,Detroit,MI,47637,779534703,1,0,2019-08-15
132,2019-03-11,,,lmunns@toughzap.com,lmunns@toughzap.com,Lettie,Munns,3948 1-street,Oakland,MN,80297,642648839,1,0,
133,2019-03-12,,,cpugh@domzoom.com,cpugh@domzoom.com,Carmela,Pugh,647 9-street,Oklahoma City,KY,85065,1757054248,1,0,2019-08-30
134,2019-03-12,Louisa,Caiafa,jmirafuentes@rangreen.com,jmirafuentes@rangreen.com,Jolanda,Mirafuentes,5701 5-street,Orlando,FL,1741,7619983851,1,0,2019-08-06
135,2019-03-13,Annelle,Keener,lflister@hottechi.com,lflister@hottechi.com,Lonny,Flister,7359 18-street,Winston-Salem,AZ,75981,5160672671,1,0,
136,2019-03-13,Lonna,Venere,lmorocco@year-job.com,lmorocco@year-job.com,Lorrie,Morocco,2629 1-street,Baltimore,OK,27365,428043150,1,0,2019-09-20
137,2019-03-13,Ashlyn,Walthall,loldroyd@hottechi.com,loldroyd@hottechi.com,Lucy,Oldroyd,9392 18-street,Nashville-Davidson,MD,34894,8274477101,1,0,2020-06-22
139,2019-03-14,,,chirpara@rantouch.com,chirpara@rantouch.com,Clorinda,Hirpara,4420 18-street,Milwaukee,NM,96662,5905299590,1,0,2019-07-09
140,2019-03-14,,,agillaspie@golddex.com,agillaspie@golddex.com,Alline,Gillaspie,2773 19-street,Portland,NV,97544,1116695849,1,0,2019-04-22
141,2019-03-15,Tarra,Wiklund,dgellinger@dambase.com,dgellinger@dambase.com,Devora,Gellinger,3711 13-street,Corpus Christi,KY,3268,8628090963,1,0,2019-04-05
143,2019-03-18,,,kweglarz@streethex.com,kweglarz@streethex.com,Kayleigh,Weglarz,9715 16-street,Kansas City,AZ,98923,776708535,1,0,2019-06-18
144,2019-03-18,,,kharnos@conecom.com,kharnos@conecom.com,Kanisha,Harnos,1343 15-street,Chesapeake,AZ,75142,5651564822,1,0,
145,2019-03-18,Caitlin,Lacovara,cpagliuca@betasoloin.com,cpagliuca@betasoloin.com,Catarina,Pagliuca,2537 18-street,Chesapeake,AZ,39058,4285698314,1,0,2019-12-19
146,2019-03-18,Natalie,Acey,lkippley@golddex.com,lkippley@golddex.com,Louisa,Kippley,2539 6-street,Irving,AZ,95249,1491225057,1,0,2019-06-03
148,2019-03-19,,,aostolaza@finjob.com,aostolaza@finjob.com,Alecia,Ostolaza,781 15-street,Phoenix,AZ,81617,6965596189,1,0,2019-09-09
149,2019-03-19,,,mreitler@fasehatice.com,mreitler@fasehatice.com,Mariann,Reitler,2800 20-street,Philadelphia,PA,70825,8934510509,1,0,
150,2019-03-19,Abel,Modzelewski,oflosi@betatech.com,oflosi@betatech.com,Olive,Flosi,3466 14-street,Indianapolis,IN,47706,2495654893,1,0,
155,2019-03-21,Ty,Papasergi,yisenhower@dambase.com,yisenhower@dambase.com,Yvonne,Isenhower,1787 5-street,Cincinnati,MN,73119,8159445334,1,0,
157,2019-03-22,Chantell,Monterrubio,whamilton@opentech.com,whamilton@opentech.com,Willow,Hamilton,2265 5-street,Fremont,ID,83391,3870058455,1,0,
158,2019-03-22,Ronny,Strassner,lmonarrez@goodsilron.com,lmonarrez@goodsilron.com,Larae,Monarrez,8793 2-street,Miami,CA,240,9692306614,1,0,2019-05-23
160,2019-03-25,Sharen,Gibes,jacey@inity.com,jacey@inity.com,Johnetta,Acey,9551 14-street,Wichita,TX,17071,4534969813,1,0,
161,2019-03-26,Sharee,Gudroe,lstockham@j-texon.com,lstockham@j-texon.com,Laurel,Stockham,1636 3-street,Chesapeake,AZ,1939,8834494208,1,0,2019-06-25
162,2019-03-26,Latrice,Vizarro,lwalthall@betasoloin.com,lwalthall@betasoloin.com,Laurel,Walthall,3863 8-street,Charlotte,NC,18095,5336512883,1,0,2020-01-02
163,2019-03-26,Dean,Gellinger,mskulski@sumace.com,mskulski@sumace.com,Marvel,Skulski,4635 3-street,Atlanta,CO,52151,2588966131,1,0,2019-07-22
164,2019-03-27,An,Miceli,ehirpara@sunnamplex.com,ehirpara@sunnamplex.com,Elvera,Hirpara,3366 1-street,Baton Rouge,TX,73854,1876924079,1,0,2019-12-25
165,2019-03-27,,,aspickerman@green-plus.com,aspickerman@green-plus.com,Albina,Spickerman,9182 8-street,Anchorage,CA,88656,4965767143,1,0,2020-05-12
167,2019-03-28,Minna,Blunk,rhollack@plexzap.com,rhollack@plexzap.com,Rikki,Hollack,9390 3-street,New Orleans,CA,11929,2522640007,1,0,2019-08-16
168,2019-03-28,Jacqueline,Korando,aspickerman@green-plus.com,aspickerman@green-plus.com,Albina,Spickerman,9182 8-street,Anchorage,CA,88656,4965767143,1,0,2019-06-13
169,2019-03-28,,,bdiestel@condax.com,bdiestel@condax.com,Bette,Diestel,7554 8-street,Aurora,CA,9614,5601011487,1,0,2019-08-01
170,2019-03-29,Amber,Bubash,esaylors@groovestreet.com,esaylors@groovestreet.com,Estrella,Saylors,8624 2-street,Winston-Salem,AZ,7775,5148314369,1,0,2020-06-11
171,2019-03-29,Jolene,Tomasulo,acoyier@hottechi.com,acoyier@hottechi.com,Annmarie,Coyier,1379 17-street,Mesa,VA,98743,3406432705,1,0,
172,2019-03-29,Jacqueline,Nicolozakes,etromblay@toughzap.com,etromblay@toughzap.com,Elouise,Tromblay,4110 6-street,Santa Ana,MO,73576,947509402,1,0,
173,2019-04-01,Georgene,Neither,hgwalthney@funholding.com,hgwalthney@funholding.com,Helga,Gwalthney,8305 14-street,Boise City,VA,29356,3986052383,1,0,2019-04-19
174,2019-04-01,Rodolfo,Canlas,aoles@bioplex.com,aoles@bioplex.com,Antione,Oles,6766 17-street,Newark,TX,65824,1075419082,1,0,
176,2019-04-02,My,Farrow,xdubaldi@iselectrics.com,xdubaldi@iselectrics.com,Xuan,Dubaldi,1372 11-street,Baltimore,OK,6641,7455760970,1,0,2019-09-30
177,2019-04-02,Lenna,Ventura,mhollack@scottech.com,mhollack@scottech.com,Mozell,Hollack,321 12-street,Plano,NV,99069,2812000053,1,0,2019-05-17
179,2019-04-03,Judy,Konopacki,lflister@hottechi.com,lflister@hottechi.com,Lonny,Flister,7359 18-street,Winston-Salem,AZ,75981,5160672671,1,0,2019-06-14
180,2019-04-04,Nichelle,Cookey,lbayless@sumace.com,lbayless@sumace.com,Lorrine,Bayless,4015 17-street,Austin,TX,23088,3882307371,1,0,2019-09-03
181,2019-04-04,,,acoyier@hottechi.com,acoyier@hottechi.com,Annmarie,Coyier,1379 17-street,Mesa,VA,98743,3406432705,1,0,2019-11-12
182,2019-04-05,Lenna,Saulter,mhollack@scottech.com,mhollack@scottech.com,Mozell,Hollack,321 12-street,Plano,NV,99069,2812000053,1,0,
183,2019-04-05,Nana,Nabours,esaylors@y-corporation.com,esaylors@y-corporation.com,Evangelina,Saylors,714 1-street,Sacramento,CA,17261,167588959,1,0,2019-05-03
184,2019-04-08,,,mreiber@scottech.com,mreiber@scottech.com,Marguerita,Reiber,6710 19-street,Wichita,TX,23815,1465945858,1,0,2019-10-28
185,2019-04-08,Gregoria,Sweigard,kcraghead@sumace.com,kcraghead@sumace.com,Kayleigh,Craghead,5350 6-street,Denver,CO,22151,2945618913,1,0,2019-11-22
186,2019-04-09,Regenia,Garufi,kharnos@conecom.com,kharnos@conecom.com,Kanisha,Harnos,1343 15-street,Chesapeake,AZ,75142,5651564822,1,0,2020-01-08
187,2019-04-09,Skye,Regusters,traymo@scotfind.com,traymo@scotfind.com,Thaddeus,Raymo,7830 12-street,Nashville-Davidson,MD,19348,1332668310,1,0,
188,2019-04-09,,,cbourbon@betasoloin.com,cbourbon@betasoloin.com,Caitlin,Bourbon,2806 18-street,Fort Wayne,FL,12470,345896524,1,0,2020-03-05
189,2019-04-10,Larae,Scheyer,rgarufi@bioplex.com,rgarufi@bioplex.com,Regenia,Garufi,8020 6-street,Kansas City,AZ,14901,2817952195,1,0,
191,2019-04-10,Truman,Rhoden,ahoogland@y-corporation.com,ahoogland@y-corporation.com,Ammie,Hoogland,7286 6-street,Tampa,HI,84881,3880116823,1,0,2019-10-18
192,2019-04-11,Tawna,Wildfong,hgwalthney@funholding.com,hgwalthney@funholding.com,Helga,Gwalthney,8305 14-street,Boise City,VA,29356,3986052383,1,0,2019-08-02
194,2019-04-11,,,adenooyer@kinnamplus.com,adenooyer@kinnamplus.com,Art,Denooyer,8189 4-street,Irvine,NC,93779,1737623015,1,0,2019-08-29
195,2019-04-12,Louvenia,Burnard,dstoltzman@condax.com,dstoltzman@condax.com,Daniela,Stoltzman,1963 14-street,North Las Vegas,CA,61067,3591178202,1,0,
196,2019-04-12,Fatima,Hoa,nhaufler@zencorporation.com,nhaufler@zencorporation.com,Nicolette,Haufler,8010 8-street,Pittsburgh,AK,14517,8463939610,1,0,2019-11-19
197,2019-04-12,Izetta,Restrepo,kweglarz@streethex.com,kweglarz@streethex.com,Kayleigh,Weglarz,9715 16-street,Kansas City,AZ,98923,776708535,1,0,2019-05-16
198,2019-04-15,France,Delasancha,awildfong@conecom.com,awildfong@conecom.com,Amber,Wildfong,8735 7-street,Tampa,HI,87978,164165810,1,0,2020-03-03
199,2019-04-15,Tiera,Louissant,kmyricks@groovestreet.com,kmyricks@groovestreet.com,Kenneth,Myricks,6153 14-street,Gilbert,LA,67479,510828696,1,0,2019-11-13
201,2019-04-16,Xochitl,Dallen,vkeener@kan-code.com,vkeener@kan-code.com,Virgina,Keener,6442 21-street,St. Petersburg,AZ,76382,4207746671,1,0,2019-08-20
202,2019-04-17,Christiane,Vizarro,nhaufler@zencorporation.com,nhaufler@zencorporation.com,Nicolette,Haufler,8010 8-street,Pittsburgh,AK,14517,8463939610,1,0,
203,2019-04-17,Tiffiny,Staback,agillaspie@golddex.com,agillaspie@golddex.com,Alline,Gillaspie,2773 19-street,Portland,NV,97544,1116695849,1,0,2019-09-05
205,2019-04-18,Raylene,Buzick,jbuvens@plusstrip.com,jbuvens@plusstrip.com,Janine,Buvens,9670 11-street,Bakersfield,FL,13724,1175638045,1,0,2020-06-02
206,2019-04-18,Beatriz,Grenet,jpoquette@ron-tech.com,jpoquette@ron-tech.com,Johnetta,Poquette,2714 13-street,Riverside,TX,8562,5358671206,1,0,2019-10-15
208,2019-04-19,,,yisenhower@dambase.com,yisenhower@dambase.com,Yvonne,Isenhower,1787 5-street,Cincinnati,MN,73119,8159445334,1,0,
209,2019-04-19,Jettie,Treston,kbenimadho@donquadtech.com,kbenimadho@donquadtech.com,Kristofer,Benimadho,7934 17-street,Los Angeles,CA,98376,6809682447,1,0,2019-09-05
210,2019-04-22,Lauran,Lipke,lflister@hottechi.com,lflister@hottechi.com,Lonny,Flister,7359 18-street,Winston-Salem,AZ,75981,5160672671,1,0,
211,2019-04-22,,,amiceli@blackzim.com,amiceli@blackzim.com,An,Miceli,6950 8-street,Durham,WI,63410,212506214,1,0,
212,2019-04-23,Linn,Borgman,ldevreese@sonron.com,ldevreese@sonron.com,Lai,Devreese,6669 17-street,Atlanta,CO,47892,2295763217,1,0,
213,2019-04-23,Angella,Patak,esaylors@groovestreet.com,esaylors@groovestreet.com,Estrella,Saylors,8624 2-street,Winston-Salem,AZ,7775,5148314369,1,0,
216,2019-04-25,Roosevelt,Hirpara,icaldarera@yearin.com,icaldarera@yearin.com,Izetta,Caldarera,1073 3-street,Winston-Salem,AZ,7719,7165710328,1,0,2019-11-08
217,2019-04-25,Jovita,Tomblin,rgarufi@bioplex.com,rgarufi@bioplex.com,Regenia,Garufi,8020 6-street,Kansas City,AZ,14901,2817952195,1,0,2020-05-01
218,2019-04-25,Raymon,Auber,lnunlee@ron-tech.com,lnunlee@ron-tech.com,Lai,Nunlee,2983 6-street,Riverside,TX,70214,8322208696,1,0,
219,2019-04-26,Nicolette,Weight,kharnos@conecom.com,kharnos@conecom.com,Kanisha,Harnos,1343 15-street,Chesapeake,AZ,75142,5651564822,1,0,2019-05-13
220,2019-04-29,Lettie,Yum,anievas@rangreen.com,anievas@rangreen.com,Alline,Nievas,5735 1-street,Stockton,OH,61767,1540065789,1,0,2019-10-10
221,2019-04-29,Sharee,Ventura,lflister@hottechi.com,lflister@hottechi.com,Lonny,Flister,7359 18-street,Winston-Salem,AZ,75981,5160672671,1,0,
222,2019-04-29,Venita,Beech,kbenimadho@donquadtech.com,kbenimadho@donquadtech.com,Kristofer,Benimadho,7934 17-street,Los Angeles,CA,98376,6809682447,1,0,2020-03-05
223,2019-04-30,Kerry,Lipke,xdubaldi@iselectrics.com,xdubaldi@iselectrics.com,Xuan,Dubaldi,1372 11-street,Baltimore,OK,6641,7455760970,1,0,2019-12-26
224,2019-04-30,Elli,Dilliard,ttromblay@dontechi.com,ttromblay@dontechi.com,Taryn,Tromblay,3749 5-street,Cincinnati,MN,81042,7833051221,1,0,
225,2019-04-30,,,esaylors@y-corporation.com,esaylors@y-corporation.com,Evangelina,Saylors,714 1-street,Sacramento,CA,17261,167588959,1,0,2019-07-17
226,2019-05-01,Talia,Tolfree,ladkin@domzoom.com,ladkin@domzoom.com,Leonida,Adkin,3273 13-street,Dallas,TX,20939,7423018249,1,0,
227,2019-05-01,Karan,Bilden,snicka@year-job.com,snicka@year-job.com,Shonda,Nicka,8687 19-street,Louisville/Jefferson County,OR,24281,2134076388,1,0,2019-09-04
228,2019-05-01,Laurel,Stockham,lkippley@golddex.com,lkippley@golddex.com,Louisa,Kippley,2539 6-street,Irving,AZ,95249,1491225057,1,0,2019-06-10
229,2019-05-02,Levi,Haufler,xdubaldi@iselectrics.com,xdubaldi@iselectrics.com,Xuan,Dubaldi,1372 11-street,Baltimore,OK,6641,7455760970,1,0,
230,2019-05-02,Dalene,Pelkowski,lkippley@golddex.com,lkippley@golddex.com,Louisa,Kippley,2539 6-street,Irving,AZ,95249,1491225057,1,0,2019-07-25
231,2019-05-03,Beatriz,Montezuma,ncartan@statholdings.com,ncartan@statholdings.com,Nicolette,Cartan,9394 9-street,Portland,NV,78788,5818532403,1,0,
232,2019-05-03,Rickie,Aquas,kharnos@conecom.com,kharnos@conecom.com,Kanisha,Harnos,1343 15-street,Chesapeake,AZ,75142,5651564822,1,0,2019-09-06
233,2019-05-06,Kallie,Strassner,rvanheusen@statholdings.com,rvanheusen@statholdings.com,Roosevelt,Vanheusen,1269 13-street,Phoenix,AZ,1497,9827706913,1,0,
234,2019-05-06,Skye,Chaffins,bdiestel@condax.com,bdiestel@condax.com,Bette,Diestel,7554 8-street,Aurora,CA,9614,5601011487,1,0,
235,2019-05-06,Thaddeus,Hughey,esaylors@groovestreet.com,esaylors@groovestreet.com,Estrella,Saylors,8624 2-street,Winston-Salem,AZ,7775,5148314369,1,0,
238,2019-05-07,,,trulapaugh@yearin.com,trulapaugh@yearin.com,Timothy,Rulapaugh,6512 1-street,Minneapolis,OK,50531,8427777663,1,0,
240,2019-05-08,Novella,Hirpara,jlueckenbach@plussunin.com,jlueckenbach@plussunin.com,Jani,Lueckenbach,8220 17-street,Fort Wayne,FL,16818,835309870,1,0,
241,2019-05-09,Detra,Lace,cfelger@stanredtax.com,cfelger@stanredtax.com,Cristy,Felger,5504 15-street,Chandler,TX,23615,2650324827,1,0,2019-09-27
242,2019-05-09,Merlyn,Oldroyd,ldevreese@sonron.com,ldevreese@sonron.com,Lai,Devreese,6669 17-street,Atlanta,CO,47892,2295763217,1,0,2019-06-11
243,2019-05-10,Rikki,Hollack,ccoody@sonron.com,ccoody@sonron.com,Carissa,Coody,2335 7-street,Memphis,TN,49402,8809306211,1,0,
247,2019-05-13,Meaghan,Samu,msarao@newex.com,msarao@newex.com,Maurine,Sarao,1334 7-street,Arlington,LA,95129,4568765994,1,0,2019-07-16
248,2019-05-13,Fatima,Berlanga,smeteer@dalttechnology.com,smeteer@dalttechnology.com,Serina,Meteer,1473 12-street,Richmond,CA,19203,9502296621,1,0,2019-08-02
249,2019-05-14,,,ahoogland@y-corporation.com,ahoogland@y-corporation.com,Ammie,Hoogland,7286 6-street,Tampa,HI,84881,3880116823,1,0,
250,2019-05-15,Leslie,Papasergi,cbourbon@betasoloin.com,cbourbon@betasoloin.com,Caitlin,Bourbon,2806 18-street,Fort Wayne,FL,12470,345896524,1,0,
254,2019-05-16,Denise,Frankel,ehirpara@sunnamplex.com,ehirpara@sunnamplex.com,Elvera,Hirpara,3366 1-street,Baton Rouge,TX,73854,1876924079,1,0,
255,2019-05-17,,,mhoopengardner@xx-holding.com,mhoopengardner@xx-holding.com,Minna,Hoopengardner,8533 19-street,San Diego,CA,20674,1148144860,1,0,2019-06-17
256,2019-05-17,Fatima,Chesterfield,egrenet@y-corporation.com,egrenet@y-corporation.com,Ernie,Grenet,5073 14-street,Virginia Beach,GA,49648,1697611014,1,0,
257,2019-05-17,,,jmirafuentes@rangreen.com,jmirafuentes@rangreen.com,Jolanda,Mirafuentes,5701 5-street,Orlando,FL,1741,7619983851,1,0,
259,2019-05-20,Tiera,Toelkes,acoyier@hottechi.com,acoyier@hottechi.com,Annmarie,Coyier,1379 17-street,Mesa,VA,98743,3406432705,1,0,2019-10-09
260,2019-05-20,Sheron,Paa,bmastella@kan-code.com,bmastella@kan-code.com,Brittni,Mastella,1142 11-street,Virginia Beach,GA,86605,3703831645,1,0,2020-06-03
262,2019-05-22,Van,Degonia,dturinetti@doncon.com,dturinetti@doncon.com,Dorthy,Turinetti,1196 17-street,Houston,TX,55569,1178998719,1,0,
263,2019-05-22,Bok,Ferrario,ltheodorov@opentech.com,ltheodorov@opentech.com,Louvenia,Theodorov,6164 5-street,Irving,AZ,65641,7817467627,1,0,
264,2019-05-22,Carissa,Coody,elary@lexiqvolax.com,elary@lexiqvolax.com,Erick,Lary,6988 17-street,Buffalo,NJ,51772,1316212290,1,0,
266,2019-05-24,Felix,Storment,mskulski@sumace.com,mskulski@sumace.com,Marvel,Skulski,4635 3-street,Atlanta,CO,52151,2588966131,1,0,
267,2019-05-24,Franklyn,Nachor,vlouissant@sunnamplex.com,vlouissant@sunnamplex.com,Viva,Louissant,9677 17-street,Laredo,VA,17201,6787813627,1,0,2019-08-09
268,2019-05-27,Refugia,Sweely,trulapaugh@yearin.com,trulapaugh@yearin.com,Timothy,Rulapaugh,6512 1-street,Minneapolis,OK,50531,8427777663,1,0,
269,2019-05-27,Xuan,Dubaldi,cmorasca@ganjaflex.com,cmorasca@ganjaflex.com,Chantell,Morasca,669 18-street,Norfolk,NC,66567,4564896082,1,0,2019-09-11
270,2019-05-28,Lai,Manno,dkines@betatech.com,dkines@betatech.com,Dorthy,Kines,9057 19-street,Sacramento,CA,75064,9497063223,1,0,
271,2019-05-28,Annabelle,Harnos,cscipione@kan-code.com,cscipione@kan-code.com,Cecily,Scipione,4492 21-street,Albuquerque,AZ,84625,6166913095,1,0,
272,2019-05-28,Izetta,Thyberg,msetter@fasehatice.com,msetter@fasehatice.com,Merissa,Setter,4798 5-street,Atlanta,CO,27044,8221492776,1,0,
273,2019-05-29,Mitsue,Kitzman,cpugh@domzoom.com,cpugh@domzoom.com,Carmela,Pugh,647 9-street,Oklahoma City,KY,85065,1757054248,1,0,2019-08-08
274,2019-05-29,Merlyn,Sturiale,kbenimadho@donquadtech.com,kbenimadho@donquadtech.com,Kristofer,Benimadho,7934 17-street,Los Angeles,CA,98376,6809682447,1,0,
275,2019-05-29,,,msarao@newex.com,msarao@newex.com,Maurine,Sarao,1334 7-street,Arlington,LA,95129,4568765994,1,0,2019-08-19
276,2019-05-29,Gail,Buzick,jdiscipio@singletechno.com,jdiscipio@singletechno.com,Jolanda,Discipio,6649 12-street,Aurora,CA,30452,9344303290,1,0,2019-10-09
277,2019-05-30,Art,Gellinger,aspickerman@green-plus.com,aspickerman@green-plus.com,Albina,Spickerman,9182 8-street,Anchorage,CA,88656,4965767143,1,0,
278,2019-05-30,Dean,Luczki,elary@lexiqvolax.com,elary@lexiqvolax.com,Erick,Lary,6988 17-street,Buffalo,NJ,51772,1316212290,1,0,
282,2019-05-31,Hubert,Royster,lharabedian@plussunin.com,lharabedian@plussunin.com,Lashaunda,Harabedian,2367 6-street,Charlotte,NC,90090,3736831230,1,0,
283,2019-06-03,Xochitl,Heintzman,aoles@bioplex.com,aoles@bioplex.com,Antione,Oles,6766 17-street,Newark,TX,65824,1075419082,1,0,
284,2019-06-03,Deonna,Gwalthney,elary@lexiqvolax.com,elary@lexiqvolax.com,Erick,Lary,6988 17-street,Buffalo,NJ,51772,1316212290,1,0,
285,2019-06-04,Carissa,Pelkowski,mskulski@sumace.com,mskulski@sumace.com,Marvel,Skulski,4635 3-street,Atlanta,CO,52151,2588966131,1,0,2019-12-11
287,2019-06-05,Elvera,Craghead,egoldammer@scottech.com,egoldammer@scottech.com,Elke,Goldammer,5061 3-street,Madison,TX,31967,7636589113,1,0,
288,2019-06-05,Marjory,Hoffis,loldroyd@hottechi.com,loldroyd@hottechi.com,Lucy,Oldroyd,9392 18-street,Nashville-Davidson,MD,34894,8274477101,1,0,
290,2019-06-07,Delisa,Angalich,arulapaugh@zencorporation.com,arulapaugh@zencorporation.com,Alecia,Rulapaugh,4782 11-street,Gilbert,LA,57524,5287301786,1,0,2019-11-11
291,2019-06-07,Krissy,Harabedian,lnunlee@ron-tech.com,lnunlee@ron-tech.com,Lai,Nunlee,2983 6-street,Riverside,TX,70214,8322208696,1,0,
292,2019-06-07,Elke,Bourbon,yisenhower@dambase.com,yisenhower@dambase.com,Yvonne,Isenhower,1787 5-street,Cincinnati,MN,73119,8159445334,1,0,2019-11-14
293,2019-06-07,Howard,Kalafatis,snicka@year-job.com,snicka@year-job.com,Shonda,Nicka,8687 19-street,Louisville/Jefferson County,OR,24281,2134076388,1,0,2019-12-17
294,2019-06-10,,,cperruzza@doncon.com,cperruzza@doncon.com,Colette,Perruzza,757 18-street,Denver,CO,56082,1854047826,1,0,2019-10-02
297,2019-06-11,Simona,Andreason,jmirafuentes@rangreen.com,jmirafuentes@rangreen.com,Jolanda,Mirafuentes,5701 5-street,Orlando,FL,1741,7619983851,1,0,
299,2019-06-11,Timothy,Degroot,creitler@silis.com,creitler@silis.com,Casie,Reitler,9364 2-street,Santa Ana,MO,58819,9724575734,1,0,
300,2019-06-12,Britt,Tolfree,wstockham@zotware.com,wstockham@zotware.com,Willodean,Stockham,6570 17-street,Winston-Salem,AZ,9280,7413091810,1,0,2019-07-23
301,2019-06-12,Olive,Flosi,ebowley@ganjaflex.com,ebowley@ganjaflex.com,Ernie,Bowley,3121 12-street,Plano,NV,3558,9407037638,1,0,2020-06-03
302,2019-06-13,,,esaylors@y-corporation.com,esaylors@y-corporation.com,Evangelina,Saylors,714 1-street,Sacramento,CA,17261,167588959,1,0,2019-11-22
303,2019-06-13,Shawnda,Wieser,cmorasca@ganjaflex.com,cmorasca@ganjaflex.com,Chantell,Morasca,669 18-street,Norfolk,NC,66567,4564896082,1,0,2020-06-17
304,2019-06-14,Ashlyn,Hauenstein,egrenet@y-corporation.com,egrenet@y-corporation.com,Ernie,Grenet,5073 14-street,Virginia Beach,GA,49648,1697611014,1,0,2019-07-24
305,2019-06-14,Lenna,Breland,brestrepo@xx-holding.com,brestrepo@xx-holding.com,Belen,Restrepo,3761 7-street,Jersey City,CA,71855,6101805651,1,0,2019-10-11
306,2019-06-17,,,lsteffensmeier@gogozoom.com,lsteffensmeier@gogozoom.com,Lashon,Steffensmeier,824 2-street,San Francisco,CA,37737,1228445496,1,0,
307,2019-06-17,,,jacey@inity.com,jacey@inity.com,Johnetta,Acey,9551 14-street,Wichita,TX,17071,4534969813,1,0,2020-02-05
308,2019-06-18,Penney,Rhymes,ladkin@domzoom.com,ladkin@domzoom.com,Leonida,Adkin,3273 13-street,Dallas,TX,20939,7423018249,1,0,2019-12-11
309,2019-06-18,Jolanda,Mirafuentes,rbourbon@lexiqvolax.com,rbourbon@lexiqvolax.com,Roosevelt,Bourbon,4241 4-street,San Francisco,CA,16949,2726060664,1,0,2019-10-11
310,2019-06-18,Cassi,Grenet,woles@codehow.com,woles@codehow.com,Wilda,Oles,7083 18-street,Milwaukee,NM,12696,7969401687,1,0,
311,2019-06-18,,,tkines@sumace.com,tkines@sumace.com,Timothy,Kines,3481 14-street,Denver,CO,90861,1717769169,1,0,
313,2019-06-19,,,lflister@hottechi.com,lflister@hottechi.com,Lonny,Flister,7359 18-street,Winston-Salem,AZ,75981,5160672671,1,0,2019-12-03
314,2019-06-20,Barrett,Pelkowski,msetter@fasehatice.com,msetter@fasehatice.com,Merissa,Setter,4798 5-street,Atlanta,CO,27044,8221492776,1,0,2020-01-09
315,2019-06-20,Jina,Venere,cpugh@domzoom.com,cpugh@domzoom.com,Carmela,Pugh,647 9-street,Oklahoma City,KY,85065,1757054248,1,0,
317,2019-06-21,Melodie,Oldroyd,lharoldson@rangreen.com,lharoldson@rangreen.com,Lonny,Haroldson,7603 5-street,Fremont,ID,52777,9234972301,1,0,
321,2019-06-24,,,yisenhower@dambase.com,yisenhower@dambase.com,Yvonne,Isenhower,1787 5-street,Cincinnati,MN,73119,8159445334,1,0,
322,2019-06-25,,,icaldarera@yearin.com,icaldarera@yearin.com,Izetta,Caldarera,1073 3-street,Winston-Salem,AZ,7719,7165710328,1,0,2020-01-22
323,2019-06-25,Paris,Yum,bdiestel@condax.com,bdiestel@condax.com,Bette,Diestel,7554 8-street,Aurora,CA,9614,5601011487,1,0,
325,2019-06-26,Krissy,Hellickson,aboord@faxquote.com,aboord@faxquote.com,Adell,Boord,9664 3-street,Fort Wayne,FL,60156,8180277826,1,0,2019-08-21
326,2019-06-26,Erinn,Biddy,hseewald@j-texon.com,hseewald@j-texon.com,Helga,Seewald,4606 15-street,Colorado Springs,NE,66599,1110994610,1,0,
327,2019-06-27,Mari,Arceo,icaldarera@yearin.com,icaldarera@yearin.com,Izetta,Caldarera,1073 3-street,Winston-Salem,AZ,7719,7165710328,1,0,
328,2019-06-27,Tegan,Mconnell,lkippley@golddex.com,lkippley@golddex.com,Louisa,Kippley,2539 6-street,Irving,AZ,95249,1491225057,1,0,
331,2019-07-01,Lashaunda,Harabedian,esaylors@groovestreet.com,esaylors@groovestreet.com,Estrella,Saylors,8624 2-street,Winston-Salem,AZ,7775,5148314369,1,0,
332,2019-07-01,Stevie,Hamilton,jacey@inity.com,jacey@inity.com,Johnetta,Acey,9551 14-street,Wichita,TX,17071,4534969813,1,0,
334,2019-07-02,Nichelle,Mugnolo,traymo@scotfind.com,traymo@scotfind.com,Thaddeus,Raymo,7830 12-street,Nashville-Davidson,MD,19348,1332668310,1,0,
335,2019-07-02,Paris,Tjepkema,gschnitzler@y-corporation.com,gschnitzler@y-corporation.com,Glory,Schnitzler,2762 18-street,Indianapolis,IN,83269,9343575232,1,0,
336,2019-07-02,Sue,Brossart,kcraghead@sumace.com,kcraghead@sumace.com,Kayleigh,Craghead,5350 6-street,Denver,CO,22151,2945618913,1,0,
341,2019-07-04,Nana,Chickering,rvanheusen@statholdings.com,rvanheusen@statholdings.com,Roosevelt,Vanheusen,1269 13-street,Phoenix,AZ,1497,9827706913,1,0,
342,2019-07-05,Gearldine,Kines,kbreland@year-job.com,kbreland@year-job.com,Kallie,Breland,1184 11-street,Colorado Springs,NE,55106,1443932256,1,0,
343,2019-07-05,Laticia,Weirather,rbourbon@lexiqvolax.com,rbourbon@lexiqvolax.com,Roosevelt,Bourbon,4241 4-street,San Francisco,CA,16949,2726060664,1,0,
344,2019-07-08,Alpha,Stenseth,ghalter@konmatfix.com,ghalter@konmatfix.com,Goldie,Halter,538 12-street,Chesapeake,AZ,85885,3935547137,1,0,2019-09-27
345,2019-07-08,Maryann,Nayar,dgellinger@dambase.com,dgellinger@dambase.com,Devora,Gellinger,3711 13-street,Corpus Christi,KY,3268,8628090963,1,0,
349,2019-07-09,Junita,Pedrozo,rauber@dambase.com,rauber@dambase.com,Raymon,Auber,1900 9-street,Los Angeles,CA,8130,4604406661,1,0,
350,2019-07-10,Edna,Grenet,aoles@bioplex.com,aoles@bioplex.com,Antione,Oles,6766 17-street,Newark,TX,65824,1075419082,1,0,
351,2019-07-10,Ashlyn,Dewar,gkines@inity.com,gkines@inity.com,Gearldine,Kines,9024 7-street,St. Petersburg,AZ,54656,8292555533,1,0,
352,2019-07-11,Jose,Wiklund,wmeteer@domzoom.com,wmeteer@domzoom.com,Willodean,Meteer,826 10-street,Toledo,NC,10134,1962927175,1,0,2019-12-03
354,2019-07-11,Mariann,Kiel,smeteer@dalttechnology.com,smeteer@dalttechnology.com,Serina,Meteer,1473 12-street,Richmond,CA,19203,9502296621,1,0,
355,2019-07-12,Lindsey,Riden,lpadilla@conecom.com,lpadilla@conecom.com,Leota,Padilla,6301 14-street,Wichita,TX,78386,6956904911,1,0,2019-12-18
356,2019-07-12,Elza,Papasergi,rbourbon@lexiqvolax.com,rbourbon@lexiqvolax.com,Roosevelt,Bourbon,4241 4-street,San Francisco,CA,16949,2726060664,1,0,
358,2019-07-15,Britt,Neither,brhym@dambase.com,brhym@dambase.com,Buddy,Rhym,6822 11-street,Colorado Springs,NE,48984,1763305209,1,0,2019-11-18
359,2019-07-15,Corinne,Stockham,iferrario@plexzap.com,iferrario@plexzap.com,Ilene,Ferrario,8512 18-street,Hialeah,NV,85689,3629127397,1,0,
360,2019-07-15,Corinne,Bolognia,cperruzza@doncon.com,cperruzza@doncon.com,Colette,Perruzza,757 18-street,Denver,CO,56082,1854047826,1,0,
361,2019-07-16,Cristy,Pedrozo,aboord@faxquote.com,aboord@faxquote.com,Adell,Boord,9664 3-street,Fort Wayne,FL,60156,8180277826,1,0,
362,2019-07-16,Elly,Adkin,cyori@donware.com,cyori@donware.com,Claribel,Yori,598 9-street,Louisville/Jefferson County,OR,17309,1919774747,1,0,
363,2019-07-17,Youlanda,Lueckenbach,cperruzza@doncon.com,cperruzza@doncon.com,Colette,Perruzza,757 18-street,Denver,CO,56082,1854047826,1,0,
365,2019-07-17,Mariann,Emard,kharnos@conecom.com,kharnos@conecom.com,Kanisha,Harnos,1343 15-street,Chesapeake,AZ,75142,5651564822,1,0,2019-10-17
368,2019-07-18,,,mhollack@scottech.com,mhollack@scottech.com,Mozell,Hollack,321 12-street,Plano,NV,99069,2812000053,1,0,
370,2019-07-19,Avery,Fritz,afigeroa@labdrill.com,afigeroa@labdrill.com,Alpha,Figeroa,812 21-street,Garland,FL,55207,6572550852,1,0,
371,2019-07-22,,,lschoeneck@streethex.com,lschoeneck@streethex.com,Lindsey,Schoeneck,9020 15-street,Chula Vista,IN,84830,2211344817,1,0,
372,2019-07-22,Rasheeda,Palaia,chagele@zencorporation.com,chagele@zencorporation.com,Claribel,Hagele,9115 13-street,Irving,AZ,65051,3187431843,1,0,
375,2019-07-24,,,dgellinger@dambase.com,dgellinger@dambase.com,Devora,Gellinger,3711 13-street,Corpus Christi,KY,3268,8628090963,1,0,
376,2019-07-25,Sylvie,Miceli,ebowley@ganjaflex.com,ebowley@ganjaflex.com,Ernie,Bowley,3121 12-street,Plano,NV,3558,9407037638,1,0,
377,2019-07-26,Kris,Bevelacqua,lwalthall@betasoloin.com,lwalthall@betasoloin.com,Laurel,Walthall,3863 8-street,Charlotte,NC,18095,5336512883,1,0,2020-01-24
378,2019-07-26,Kaitlyn,Gudroe,jbuvens@plusstrip.com,jbuvens@plusstrip.com,Janine,Buvens,9670 11-street,Bakersfield,FL,13724,1175638045,1,0,
380,2019-07-29,Amber,Chui,chirpara@rantouch.com,chirpara@rantouch.com,Clorinda,Hirpara,4420 18-street,Milwaukee,NM,96662,5905299590,1,0,2020-03-20
381,2019-07-29,Jamal,Saras,jacey@inity.com,jacey@inity.com,Johnetta,Acey,9551 14-street,Wichita,TX,17071,4534969813,1,0,2019-12-06
382,2019-07-30,Pamella,Upthegrove,troyster@kan-code.com,troyster@kan-code.com,Ty,Royster,6993 11-street,Jersey City,CA,67631,7809866690,1,0,2019-12-26
383,2019-07-31,Earleen,Perigo,aspickerman@green-plus.com,aspickerman@green-plus.com,Albina,Spickerman,9182 8-street,Anchorage,CA,88656,4965767143,1,0,2019-08-19
385,2019-07-31,,,jacey@inity.com,jacey@inity.com,Johnetta,Acey,9551 14-street,Wichita,TX,17071,4534969813,1,0,
388,2019-08-01,Kate,Bayless,cmorasca@ganjaflex.com,cmorasca@ganjaflex.com,Chantell,Morasca,669 18-street,Norfolk,NC,66567,4564896082,1,0,
389,2019-08-02,,,ckippley@plussunin.com,ckippley@plussunin.com,Carmela,Kippley,5750 9-street,Columbus,OH,44347,2784922561,1,0,
390,2019-08-02,Arlette,Frerking,arulapaugh@zencorporation.com,arulapaugh@zencorporation.com,Alecia,Rulapaugh,4782 11-street,Gilbert,LA,57524,5287301786,1,0,
391,2019-08-05,,,jmirafuentes@rangreen.com,jmirafuentes@rangreen.com,Jolanda,Mirafuentes,5701 5-street,Orlando,FL,1741,7619983851,1,0,2020-04-14
392,2019-08-06,Levi,Kardas,szepp@dalttechnology.com,szepp@dalttechnology.com,Shonda,Zepp,4752 5-street,Toledo,NC,80532,856916853,1,0,
393,2019-08-06,Daniel,Malet,woles@codehow.com,woles@codehow.com,Wilda,Oles,7083 18-street,Milwaukee,NM,12696,7969401687,1,0,2020-01-01
394,2019-08-06,Kristofer,Hauenstein,wstockham@zotware.com,wstockham@zotware.com,Willodean,Stockham,6570 17-street,Winston-Salem,AZ,9280,7413091810,1,0,
395,2019-08-07,Derick,Hughey,eadkin@stanredtax.com,eadkin@stanredtax.com,Elly,Adkin,346 21-street,Portland,NV,75532,7579751550,1,0,2019-12-09
396,2019-08-07,,,jacey@inity.com,jacey@inity.com,Johnetta,Acey,9551 14-street,Wichita,TX,17071,4534969813,1,0,
397,2019-08-07,,,arulapaugh@zencorporation.com,arulapaugh@zencorporation.com,Alecia,Rulapaugh,4782 11-street,Gilbert,LA,57524,5287301786,1,0,
398,2019-08-08,Danica,Springe,jlueckenbach@plussunin.com,jlueckenbach@plussunin.com,Jani,Lueckenbach,8220 17-street,Fort Wayne,FL,16818,835309870,1,0,2020-03-25
399,2019-08-08,Catarina,Pagliuca,estenseth@cancity.com,estenseth@cancity.com,Erinn,Stenseth,6364 14-street,Lubbock,CA,12415,5878076341,1,0,
400,2019-08-09,Skye,Lorens,lkarpel@nam-zim.com,lkarpel@nam-zim.com,Lorrine,Karpel,3646 19-street,Miami,CA,45960,3417123913,1,0,
401,2019-08-09,,,fdelasancha@inity.com,fdelasancha@inity.com,France,Delasancha,2862 12-street,Newark,TX,66783,2275019405,1,0,
403,2019-08-12,Jose,Saylors,cperruzza@doncon.com,cperruzza@doncon.com,Colette,Perruzza,757 18-street,Denver,CO,56082,1854047826,1,0,
404,2019-08-12,Marti,Chaffins,bflosi@ganjaflex.com,bflosi@ganjaflex.com,Beatriz,Flosi,9772 11-street,Jersey City,CA,6026,8155072383,1,0,2020-05-20
406,2019-08-13,Alesia,Claucherty,eperigo@plussunin.com,eperigo@plussunin.com,Eladia,Perigo,6759 16-street,Jersey City,CA,50660,1059814975,1,0,
407,2019-08-13,Youlanda,Garufi,rauber@dambase.com,rauber@dambase.com,Raymon,Auber,1900 9-street,Los Angeles,CA,8130,4604406661,1,0,
408,2019-08-14,Izetta,Frey,bdiestel@condax.com,bdiestel@condax.com,Bette,Diestel,7554 8-street,Aurora,CA,9614,5601011487,1,0,
410,2019-08-15,Roosevelt,Dilello,ltheodorov@opentech.com,ltheodorov@opentech.com,Louvenia,Theodorov,6164 5-street,Irving,AZ,65641,7817467627,1,0,
411,2019-08-15,Whitley,Nicolozakes,aboord@faxquote.com,aboord@faxquote.com,Adell,Boord,9664 3-street,Fort Wayne,FL,60156,8180277826,1,0,2019-11-20
412,2019-08-16,,,msetter@fasehatice.com,msetter@fasehatice.com,Merissa,Setter,4798 5-street,Atlanta,CO,27044,8221492776,1,0,
415,2019-08-20,Dyan,Ragel,rauber@dambase.com,rauber@dambase.com,Raymon,Auber,1900 9-street,Los Angeles,CA,8130,4604406661,1,0,
416,2019-08-20,Leota,Hauenstein,kmyricks@groovestreet.com,kmyricks@groovestreet.com,Kenneth,Myricks,6153 14-street,Gilbert,LA,67479,510828696,1,0,
417,2019-08-21,Louisa,Klang,nhaufler@zencorporation.com,nhaufler@zencorporation.com,Nicolette,Haufler,8010 8-street,Pittsburgh,AK,14517,8463939610,1,0,
419,2019-08-22,Annmarie,Coyier,dangalich@donware.com,dangalich@donware.com,Delisa,Angalich,4632 4-street,Las Vegas,WI,25780,5503754471,1,0,
422,2019-08-23,Cyril,Motley,aostolaza@finjob.com,aostolaza@finjob.com,Alecia,Ostolaza,781 15-street,Phoenix,AZ,81617,6965596189,1,0,
423,2019-08-23,Simona,Mulqueen,ncartan@statholdings.com,ncartan@statholdings.com,Nicolette,Cartan,9394 9-street,Portland,NV,78788,5818532403,1,0,2019-11-21
426,2019-08-27,,,icaldarera@yearin.com,icaldarera@yearin.com,Izetta,Caldarera,1073 3-street,Winston-Salem,AZ,7719,7165710328,1,0,2020-05-29
427,2019-08-27,Lettie,Fritz,yisenhower@dambase.com,yisenhower@dambase.com,Yvonne,Isenhower,1787 5-street,Cincinnati,MN,73119,8159445334,1,0,2020-04-06
428,2019-08-28,,,hgwalthney@funholding.com,hgwalthney@funholding.com,Helga,Gwalthney,8305 14-street,Boise City,VA,29356,3986052383,1,0,2019-12-09
432,2019-08-30,Josphine,Nievas,bsengbusch@singletechno.com,bsengbusch@singletechno.com,Beatriz,Sengbusch,3716 4-street,Pittsburgh,AK,2407,8127198337,1,0,
433,2019-08-30,Nan,Isaacs,jdiscipio@singletechno.com,jdiscipio@singletechno.com,Jolanda,Discipio,6649 12-street,Aurora,CA,30452,9344303290,1,0,
435,2019-09-02,,,dseewald@goodsilron.com,dseewald@goodsilron.com,Dalene,Seewald,2541 20-street,Fort Wayne,FL,51178,5329170117,1,0,2019-11-21
436,2019-09-03,Tegan,Colla,jacey@inity.com,jacey@inity.com,Johnetta,Acey,9551 14-street,Wichita,TX,17071,4534969813,1,0,
445,2019-09-06,Van,Breland,lharabedian@plussunin.com,lharabedian@plussunin.com,Lashaunda,Harabedian,2367 6-street,Charlotte,NC,90090,3736831230,1,0,2020-04-17
446,2019-09-09,Winfred,Lipkin,lsturiale@silis.com,lsturiale@silis.com,Louvenia,Sturiale,487 12-street,Chula Vista,IN,8055,9890817149,1,0,
448,2019-09-10,Pete,Maisto,ahusser@finhigh.com,ahusser@finhigh.com,Ammie,Husser,8836 18-street,Memphis,TN,91431,4709913261,1,0,
449,2019-09-10,Derick,Tolfree,mskulski@sumace.com,mskulski@sumace.com,Marvel,Skulski,4635 3-street,Atlanta,CO,52151,2588966131,1,0,
452,2019-09-11,Elly,Craghead,wmeteer@domzoom.com,wmeteer@domzoom.com,Willodean,Meteer,826 10-street,Toledo,NC,10134,1962927175,1,0,
453,2019-09-12,Alyce,Meteer,lkippley@golddex.com,lkippley@golddex.com,Louisa,Kippley,2539 6-street,Irving,AZ,95249,1491225057,1,0,
455,2019-09-13,Carmela,Sengbusch,esaylors@groovestreet.com,esaylors@groovestreet.com,Estrella,Saylors,8624 2-street,Winston-Salem,AZ,7775,5148314369,1,0,
456,2019-09-13,,,lstockham@j-texon.com,lstockham@j-texon.com,Laurel,Stockham,1636 3-street,Chesapeake,AZ,1939,8834494208,1,0,
457,2019-09-16,Cyndy,Dorshorst,jzurcher@domzoom.com,jzurcher@domzoom.com,Jess,Zurcher,4517 5-street,Jersey City,CA,25285,3380280041,1,0,
458,2019-09-16,Shalon,Dorshorst,cfelger@stanredtax.com,cfelger@stanredtax.com,Cristy,Felger,5504 15-street,Chandler,TX,23615,2650324827,1,0,
459,2019-09-16,Rolland,Pugh,ahoogland@doncon.com,ahoogland@doncon.com,Alex,Hoogland,255 12-street,Chula Vista,IN,57009,4387341818,1,0,
461,2019-09-17,,,traymo@scotfind.com,traymo@scotfind.com,Thaddeus,Raymo,7830 12-street,Nashville-Davidson,MD,19348,1332668310,1,0,
463,2019-09-18,Yolando,Louissant,lsturiale@silis.com,lsturiale@silis.com,Louvenia,Sturiale,487 12-street,Chula Vista,IN,8055,9890817149,1,0,
464,2019-09-18,Sheron,Haroldson,ebowley@ganjaflex.com,ebowley@ganjaflex.com,Ernie,Bowley,3121 12-street,Plano,NV,3558,9407037638,1,0,2020-05-15
466,2019-09-19,Venita,Hollack,cpugh@domzoom.com,cpugh@domzoom.com,Carmela,Pugh,647 9-street,Oklahoma City,KY,85065,1757054248,1,0,
467,2019-09-19,Mitsue,Pagliuca,hmenter@doncon.com,hmenter@doncon.com,Hillary,Menter,3773 11-street,Hialeah,NV,25516,5879884007,1,0,
468,2019-09-19,Delmy,Farrow,lharabedian@plussunin.com,lharabedian@plussunin.com,Lashaunda,Harabedian,2367 6-street,Charlotte,NC,90090,3736831230,1,0,
469,2019-09-20,Carma,Ankeny,cbourbon@betasoloin.com,cbourbon@betasoloin.com,Caitlin,Bourbon,2806 18-street,Fort Wayne,FL,12470,345896524,1,0,
470,2019-09-23,Olive,Luczki,yisenhower@dambase.com,yisenhower@dambase.com,Yvonne,Isenhower,1787 5-street,Cincinnati,MN,73119,8159445334,1,0,2020-01-06
471,2019-09-23,Louisa,Kippley,ggalam@ron-tech.com,ggalam@ron-tech.com,Glen,Galam,1051 20-street,Omaha,NC,70245,6803773336,1,0,
473,2019-09-24,Weldon,Seewald,gkines@inity.com,gkines@inity.com,Gearldine,Kines,9024 7-street,St. Petersburg,AZ,54656,8292555533,1,0,
475,2019-09-25,Valentine,Hengel,vknipp@year-job.com,vknipp@year-job.com,Viva,Knipp,4275 6-street,Stockton,OH,17197,6920051808,1,0,
477,2019-09-26,Glen,Smith,oflosi@betatech.com,oflosi@betatech.com,Olive,Flosi,3466 14-street,Indianapolis,IN,47706,2495654893,1,0,
478,2019-09-26,Maryann,Kohnert,aoles@bioplex.com,aoles@bioplex.com,Antione,Oles,6766 17-street,Newark,TX,65824,1075419082,1,0,
479,2019-09-27,,,dangalich@donware.com,dangalich@donware.com,Delisa,Angalich,4632 4-street,Las Vegas,WI,25780,5503754471,1,0,
480,2019-09-27,Tiffiny,Waycott,ckannady@dambase.com,ckannady@dambase.com,Catalina,Kannady,9999 7-street,Sacramento,CA,90468,1945134801,1,0,
481,2019-09-30,Georgene,Oles,lflister@hottechi.com,lflister@hottechi.com,Lonny,Flister,7359 18-street,Winston-Salem,AZ,75981,5160672671,1,0,
482,2019-09-30,Gregoria,Skulski,whamilton@opentech.com,whamilton@opentech.com,Willow,Hamilton,2265 5-street,Fremont,ID,83391,3870058455,1,0,2020-01-09
484,2019-10-01,Helene,Sweigard,adenooyer@kinnamplus.com,adenooyer@kinnamplus.com,Art,Denooyer,8189 4-street,Irvine,NC,93779,1737623015,1,0,2020-03-30
485,2019-10-02,Gayla,Gleich,ladkin@domzoom.com,ladkin@domzoom.com,Leonida,Adkin,3273 13-street,Dallas,TX,20939,7423018249,1,0,
486,2019-10-03,Kristeen,Cetta,vlouissant@sunnamplex.com,vlouissant@sunnamplex.com,Viva,Louissant,9677 17-street,Laredo,VA,17201,6787813627,1,0,2020-04-10
487,2019-10-03,,,aostolaza@finjob.com,aostolaza@finjob.com,Alecia,Ostolaza,781 15-street,Phoenix,AZ,81617,6965596189,1,0,
489,2019-10-04,Nan,Denooyer,lbayless@sumace.com,lbayless@sumace.com,Lorrine,Bayless,4015 17-street,Austin,TX,23088,3882307371,1,0,
490,2019-10-07,,,ahusser@finhigh.com,ahusser@finhigh.com,Ammie,Husser,8836 18-street,Memphis,TN,91431,4709913261,1,0,2020-06-19
492,2019-10-08,Louisa,Candlish,mhoopengardner@xx-holding.com,mhoopengardner@xx-holding.com,Minna,Hoopengardner,8533 19-street,San Diego,CA,20674,1148144860,1,0,
493,2019-10-08,Mona,Keneipp,troyster@kan-code.com,troyster@kan-code.com,Ty,Royster,6993 11-street,Jersey City,CA,67631,7809866690,1,0,
496,2019-10-09,Charlene,Foller,lmorocco@year-job.com,lmorocco@year-job.com,Lorrie,Morocco,2629 1-street,Baltimore,OK,27365,428043150,1,0,
498,2019-10-10,Tonette,Frankel,lmorocco@year-job.com,lmorocco@year-job.com,Lorrie,Morocco,2629 1-street,Baltimore,OK,27365,428043150,1,0,
499,2019-10-11,Beatriz,Karpin,ebachman@goodsilron.com,ebachman@goodsilron.com,Ernie,Bachman,5728 9-street,El Paso,TX,90514,6559550575,1,0,
500,2019-10-11,Leonida,Adkin,esaylors@y-corporation.com,esaylors@y-corporation.com,Evangelina,Saylors,714 1-street,Sacramento,CA,17261,167588959,1,0,
502,2019-10-14,Jennie,Vizarro,bsengbusch@singletechno.com,bsengbusch@singletechno.com,Beatriz,Sengbusch,3716 4-street,Pittsburgh,AK,2407,8127198337,1,0,
503,2019-10-15,Lizette,Stimmel,cpagliuca@betasoloin.com,cpagliuca@betasoloin.com,Catarina,Pagliuca,2537 18-street,Chesapeake,AZ,39058,4285698314,1,0,
504,2019-10-15,Deonna,Steffensmeier,aspickerman@green-plus.com,aspickerman@green-plus.com,Albina,Spickerman,9182 8-street,Anchorage,CA,88656,4965767143,1,0,
506,2019-10-16,Melodie,Luczki,mreiber@scottech.com,mreiber@scottech.com,Marguerita,Reiber,6710 19-street,Wichita,TX,23815,1465945858,1,0,
509,2019-10-17,Katina,Benimadho,nhaufler@zencorporation.com,nhaufler@zencorporation.com,Nicolette,Haufler,8010 8-street,Pittsburgh,AK,14517,8463939610,1,0,
510,2019-10-17,Clorinda,Hirpara,kweglarz@streethex.com,kweglarz@streethex.com,Kayleigh,Weglarz,9715 16-street,Kansas City,AZ,98923,776708535,1,0,
512,2019-10-18,Ma,Shields,hmenter@doncon.com,hmenter@doncon.com,Hillary,Menter,3773 11-street,Hialeah,NV,25516,5879884007,1,0,2020-03-27
514,2019-10-21,Lenna,Grenet,cyori@donware.com,cyori@donware.com,Claribel,Yori,598 9-street,Louisville/Jefferson County,OR,17309,1919774747,1,0,2020-03-26
517,2019-10-23,Andra,Craghead,jlueckenbach@plussunin.com,jlueckenbach@plussunin.com,Jani,Lueckenbach,8220 17-street,Fort Wayne,FL,16818,835309870,1,0,2020-04-29
521,2019-10-24,Rasheeda,Acey,eadkin@stanredtax.com,eadkin@stanredtax.com,Elly,Adkin,346 21-street,Portland,NV,75532,7579751550,1,0,
522,2019-10-24,Peggie,Martabano,rtegarden@donquadtech.com,rtegarden@donquadtech.com,Rolande,Tegarden,4370 19-street,New York,NY,78429,6938497826,1,0,2019-12-16
523,2019-10-25,Nobuko,Mulqueen,jzurcher@domzoom.com,jzurcher@domzoom.com,Jess,Zurcher,4517 5-street,Jersey City,CA,25285,3380280041,1,0,
525,2019-10-28,Carma,Riopelle,mreiber@scottech.com,mreiber@scottech.com,Marguerita,Reiber,6710 19-street,Wichita,TX,23815,1465945858,1,0,
526,2019-10-28,Adell,Loader,lbayless@sumace.com,lbayless@sumace.com,Lorrine,Bayless,4015 17-street,Austin,TX,23088,3882307371,1,0,
528,2019-10-29,,,awildfong@conecom.com,awildfong@conecom.com,Amber,Wildfong,8735 7-street,Tampa,HI,87978,164165810,1,0,
529,2019-10-29,Nichelle,Riden,rgarufi@bioplex.com,rgarufi@bioplex.com,Regenia,Garufi,8020 6-street,Kansas City,AZ,14901,2817952195,1,0,
531,2019-10-30,,,kcraghead@sumace.com,kcraghead@sumace.com,Kayleigh,Craghead,5350 6-street,Denver,CO,22151,2945618913,1,0,
532,2019-10-31,Shonda,Nicka,gschnitzler@y-corporation.com,gschnitzler@y-corporation.com,Glory,Schnitzler,2762 18-street,Indianapolis,IN,83269,9343575232,1,0,
533,2019-10-31,Timothy,Yglesias,kharnos@conecom.com,kharnos@conecom.com,Kanisha,Harnos,1343 15-street,Chesapeake,AZ,75142,5651564822,1,0,
534,2019-11-01,Bulah,Schoeneck,mstem@betasoloin.com,mstem@betasoloin.com,Margart,Stem,9062 18-street,Hialeah,NV,76455,3730603927,1,0,2020-02-06
535,2019-11-01,Merilyn,Meisel,ccoody@sonron.com,ccoody@sonron.com,Carissa,Coody,2335 7-street,Memphis,TN,49402,8809306211,1,0,
536,2019-11-01,Izetta,Julia,amiceli@blackzim.com,amiceli@blackzim.com,An,Miceli,6950 8-street,Durham,WI,63410,212506214,1,0,
539,2019-11-05,Alisha,Eschberger,lkarpel@nam-zim.com,lkarpel@nam-zim.com,Lorrine,Karpel,3646 19-street,Miami,CA,45960,3417123913,1,0,
542,2019-11-06,Cecil,Rodefer,yisenhower@dambase.com,yisenhower@dambase.com,Yvonne,Isenhower,1787 5-street,Cincinnati,MN,73119,8159445334,1,0,
543,2019-11-06,Nobuko,Paulas,jrestrepo@konmatfix.com,jrestrepo@konmatfix.com,Jettie,Restrepo,8358 20-street,Baton Rouge,TX,98180,2580479634,1,0,
544,2019-11-07,,,dgellinger@dambase.com,dgellinger@dambase.com,Devora,Gellinger,3711 13-street,Corpus Christi,KY,3268,8628090963,1,0,
545,2019-11-08,Becky,Buzick,bdiestel@condax.com,bdiestel@condax.com,Bette,Diestel,7554 8-street,Aurora,CA,9614,5601011487,1,0,
547,2019-11-08,Gail,Fredicks,adenooyer@kinnamplus.com,adenooyer@kinnamplus.com,Art,Denooyer,8189 4-street,Irvine,NC,93779,1737623015,1,0,
548,2019-11-11,Shenika,Dinos,lharoldson@rangreen.com,lharoldson@rangreen.com,Lonny,Haroldson,7603 5-street,Fremont,ID,52777,9234972301,1,0,
549,2019-11-11,Audry,Fallick,cmorasca@ganjaflex.com,cmorasca@ganjaflex.com,Chantell,Morasca,669 18-street,Norfolk,NC,66567,4564896082,1,0,
552,2019-11-13,,,ahoogland@y-corporation.com,ahoogland@y-corporation.com,Ammie,Hoogland,7286 6-street,Tampa,HI,84881,3880116823,1,0,
554,2019-11-14,Bernardo,Nicka,chagele@zencorporation.com,chagele@zencorporation.com,Claribel,Hagele,9115 13-street,Irving,AZ,65051,3187431843,1,0,2020-04-07
556,2019-11-15,Ty,Raymo,aostolaza@finjob.com,aostolaza@finjob.com,Alecia,Ostolaza,781 15-street,Phoenix,AZ,81617,6965596189,1,0,2020-04-03
557,2019-11-15,,,chirpara@rantouch.com,chirpara@rantouch.com,Clorinda,Hirpara,4420 18-street,Milwaukee,NM,96662,5905299590,1,0,2020-02-26
558,2019-11-18,Lai,Cloney,esaylors@groovestreet.com,esaylors@groovestreet.com,Estrella,Saylors,8624 2-street,Winston-Salem,AZ,7775,5148314369,1,0,
559,2019-11-18,Bobbye,Strassner,bsengbusch@singletechno.com,bsengbusch@singletechno.com,Beatriz,Sengbusch,3716 4-street,Pittsburgh,AK,2407,8127198337,1,0,
562,2019-11-20,Melissa,Gillaspie,trulapaugh@yearin.com,trulapaugh@yearin.com,Timothy,Rulapaugh,6512 1-street,Minneapolis,OK,50531,8427777663,1,0,
564,2019-11-20,Antione,Coyier,cperruzza@doncon.com,cperruzza@doncon.com,Colette,Perruzza,757 18-street,Denver,CO,56082,1854047826,1,0,
566,2019-11-22,Rebecka,Biddy,traymo@scotfind.com,traymo@scotfind.com,Thaddeus,Raymo,7830 12-street,Nashville-Davidson,MD,19348,1332668310,1,0,
572,2019-11-26,Nobuko,Gillian,rauber@dambase.com,rauber@dambase.com,Raymon,Auber,1900 9-street,Los Angeles,CA,8130,4604406661,1,0,
573,2019-11-27,Lai,Devreese,lmunns@toughzap.com,lmunns@toughzap.com,Lettie,Munns,3948 1-street,Oakland,MN,80297,642648839,1,0,
574,2019-11-27,Clay,Pugh,jpoquette@ron-tech.com,jpoquette@ron-tech.com,Johnetta,Poquette,2714 13-street,Riverside,TX,8562,5358671206,1,0,2020-02-10
577,2019-11-29,Cheryl,Cryer,cmorasca@ganjaflex.com,cmorasca@ganjaflex.com,Chantell,Morasca,669 18-street,Norfolk,NC,66567,4564896082,1,0,
578,2019-12-02,Rolande,Sergi,ladkin@domzoom.com,ladkin@domzoom.com,Leonida,Adkin,3273 13-street,Dallas,TX,20939,7423018249,1,0,
580,2019-12-02,,,kbreland@year-job.com,kbreland@year-job.com,Kallie,Breland,1184 11-street,Colorado Springs,NE,55106,1443932256,1,0,
581,2019-12-03,Jesusa,Ankeny,lstockham@j-texon.com,lstockham@j-texon.com,Laurel,Stockham,1636 3-street,Chesapeake,AZ,1939,8834494208,1,0,2020-02-14
582,2019-12-03,France,Tillotson,cpaulas@opentech.com,cpaulas@opentech.com,Carlee,Paulas,6751 6-street,St. Louis,CA,40354,7399274620,1,0,
583,2019-12-04,Minna,Hoopengardner,elary@lexiqvolax.com,elary@lexiqvolax.com,Erick,Lary,6988 17-street,Buffalo,NJ,51772,1316212290,1,0,
584,2019-12-04,Filiberto,Melnyk,tkines@sumace.com,tkines@sumace.com,Timothy,Kines,3481 14-street,Denver,CO,90861,1717769169,1,0,
585,2019-12-04,,,cmorasca@ganjaflex.com,cmorasca@ganjaflex.com,Chantell,Morasca,669 18-street,Norfolk,NC,66567,4564896082,1,0,
586,2019-12-05,Willodean,Maillard,hgwalthney@funholding.com,hgwalthney@funholding.com,Helga,Gwalthney,8305 14-street,Boise City,VA,29356,3986052383,1,0,
587,2019-12-05,Ernie,Rodefer,ehirpara@sunnamplex.com,ehirpara@sunnamplex.com,Elvera,Hirpara,3366 1-street,Baton Rouge,TX,73854,1876924079,1,0,
588,2019-12-05,Jacqueline,Zagen,aboord@faxquote.com,aboord@faxquote.com,Adell,Boord,9664 3-street,Fort Wayne,FL,60156,8180277826,1,0,
590,2019-12-06,Rebecka,Keetch,dstoltzman@condax.com,dstoltzman@condax.com,Daniela,Stoltzman,1963 14-street,North Las Vegas,CA,61067,3591178202,1,0,
591,2019-12-09,Xuan,Juvera,lbayless@sumace.com,lbayless@sumace.com,Lorrine,Bayless,4015 17-street,Austin,TX,23088,3882307371,1,0,2020-04-30
592,2019-12-09,Glen,Merced,aacey@dontechi.com,aacey@dontechi.com,Alishia,Acey,1877 19-street,Lexington-Fayette,PA,25328,4315446950,1,0,
593,2019-12-09,Jolanda,Discipio,lhamilton@labdrill.com,lhamilton@labdrill.com,Lai,Hamilton,2726 13-street,Irving,AZ,69986,4670203056,1,0,
594,2019-12-10,Annelle,Pinilla,woles@codehow.com,woles@codehow.com,Wilda,Oles,7083 18-street,Milwaukee,NM,12696,7969401687,1,0,2020-06-03
595,2019-12-10,Chauncey,Mallett,ncartan@statholdings.com,ncartan@statholdings.com,Nicolette,Cartan,9394 9-street,Portland,NV,78788,5818532403,1,0,
596,2019-12-10,,,kpatak@groovestreet.com,kpatak@groovestreet.com,Karl,Patak,5111 8-street,Atlanta,CO,12554,3566256867,1,0,
597,2019-12-11,Theola,Kines,nhiatt@plexzap.com,nhiatt@plexzap.com,Nicolette,Hiatt,6230 12-street,Kansas City,AZ,69748,413614987,1,0,
598,2019-12-11,Elke,Lace,dstoltzman@condax.com,dstoltzman@condax.com,Daniela,Stoltzman,1963 14-street,North Las Vegas,CA,61067,3591178202,1,0,
599,2019-12-12,,,dangalich@donware.com,dangalich@donware.com,Delisa,Angalich,4632 4-street,Las Vegas,WI,25780,5503754471,1,0,
602,2019-12-13,,,kbreland@year-job.com,kbreland@year-job.com,Kallie,Breland,1184 11-street,Colorado Springs,NE,55106,1443932256,1,0,2020-05-04
603,2019-12-13,Solange,Blunk,dgellinger@dambase.com,dgellinger@dambase.com,Devora,Gellinger,3711 13-street,Corpus Christi,KY,3268,8628090963,1,0,
605,2019-12-16,,,gschnitzler@y-corporation.com,gschnitzler@y-corporation.com,Glory,Schnitzler,2762 18-street,Indianapolis,IN,83269,9343575232,1,0,
606,2019-12-16,Beatriz,Sengbusch,msetter@fasehatice.com,msetter@fasehatice.com,Merissa,Setter,4798 5-street,Atlanta,CO,27044,8221492776,1,0,
607,2019-12-17,Ty,Maynerich,bdiestel@condax.com,bdiestel@condax.com,Bette,Diestel,7554 8-street,Aurora,CA,9614,5601011487,1,0,2020-04-13
608,2019-12-17,Kaitlyn,Keneipp,jspickerman@y-corporation.com,jspickerman@y-corporation.com,Joseph,Spickerman,3992 8-street,Anaheim,CA,87162,631902612,1,0,
613,2019-12-19,Karl,Schoeneck,jmirafuentes@rangreen.com,jmirafuentes@rangreen.com,Jolanda,Mirafuentes,5701 5-street,Orlando,FL,1741,7619983851,1,0,
618,2019-12-24,Hermila,Weglarz,aboord@faxquote.com,aboord@faxquote.com,Adell,Boord,9664 3-street,Fort Wayne,FL,60156,8180277826,1,0,
619,2019-12-25,,,acoyier@hottechi.com,acoyier@hottechi.com,Annmarie,Coyier,1379 17-street,Mesa,VA,98743,3406432705,1,0,
620,2019-12-25,Alishia,Acey,jblackwood@dambase.com,jblackwood@dambase.com,Judy,Blackwood,6777 15-street,Oakland,MN,61777,974760756,1,0,2020-05-07
621,2019-12-26,,,dseewald@goodsilron.com,dseewald@goodsilron.com,Dalene,Seewald,2541 20-street,Fort Wayne,FL,51178,5329170117,1,0,2020-03-02
622,2019-12-26,Ty,Munis,dangalich@donware.com,dangalich@donware.com,Delisa,Angalich,4632 4-street,Las Vegas,WI,25780,5503754471,1,0,
624,2019-12-27,Daren,Rowling,lmunns@toughzap.com,lmunns@toughzap.com,Lettie,Munns,3948 1-street,Oakland,MN,80297,642648839,1,0,
625,2019-12-30,Markus,Moyd,ttromblay@dontechi.com,ttromblay@dontechi.com,Taryn,Tromblay,3749 5-street,Cincinnati,MN,81042,7833051221,1,0,
627,2019-12-31,,,ldevreese@sonron.com,ldevreese@sonron.com,Lai,Devreese,6669 17-street,Atlanta,CO,47892,2295763217,1,0,
629,2019-12-31,Freeman,Varriano,eadkin@stanredtax.com,eadkin@stanredtax.com,Elly,Adkin,346 21-street,Portland,NV,75532,7579751550,1,0,
630,2020-01-01,Shawnda,Ogg,ckippley@plussunin.com,ckippley@plussunin.com,Carmela,Kippley,5750 9-street,Columbus,OH,44347,2784922561,1,0,2020-06-15
631,2020-01-01,Blondell,Kohl,ttromblay@dontechi.com,ttromblay@dontechi.com,Taryn,Tromblay,3749 5-street,Cincinnati,MN,81042,7833051221,1,0,2020-02-19
632,2020-01-02,Daron,Fern,lwalthall@betasoloin.com,lwalthall@betasoloin.com,Laurel,Walthall,3863 8-street,Charlotte,NC,18095,5336512883,1,0,
633,2020-01-02,Pamella,Agramonte,lmonarrez@goodsilron.com,lmonarrez@goodsilron.com,Larae,Monarrez,8793 2-street,Miami,CA,240,9692306614,1,0,
635,2020-01-02,Annmarie,Tromblay,lhamilton@labdrill.com,lhamilton@labdrill.com,Lai,Hamilton,2726 13-street,Irving,AZ,69986,4670203056,1,0,
638,2020-01-06,Vincent,Reitler,kbreland@year-job.com,kbreland@year-job.com,Kallie,Breland,1184 11-street,Colorado Springs,NE,55106,1443932256,1,0,
643,2020-01-09,,,dseewald@goodsilron.com,dseewald@goodsilron.com,Dalene,Seewald,2541 20-street,Fort Wayne,FL,51178,5329170117,1,0,2020-01-23
646,2020-01-13,Cammy,Hamilton,elary@lexiqvolax.com,elary@lexiqvolax.com,Erick,Lary,6988 17-street,Buffalo,NJ,51772,1316212290,1,0,
648,2020-01-13,Izetta,Monarrez,elary@lexiqvolax.com,elary@lexiqvolax.com,Erick,Lary,6988 17-street,Buffalo,NJ,51772,1316212290,1,0,
649,2020-01-14,Cassi,Shire,lharoldson@rangreen.com,lharoldson@rangreen.com,Lonny,Haroldson,7603 5-street,Fremont,ID,52777,9234972301,1,0,
650,2020-01-14,Lili,Berray,aboord@faxquote.com,aboord@faxquote.com,Adell,Boord,9664 3-street,Fort Wayne,FL,60156,8180277826,1,0,2020-05-25
651,2020-01-14,Raina,Karpel,jpoquette@ron-tech.com,jpoquette@ron-tech.com,Johnetta,Poquette,2714 13-street,Riverside,TX,8562,5358671206,1,0,
653,2020-01-15,Alline,Nievas,lharoldson@rangreen.com,lharoldson@rangreen.com,Lonny,Haroldson,7603 5-street,Fremont,ID,52777,9234972301,1,0,
657,2020-01-16,Salena,Scipione,wmeteer@domzoom.com,wmeteer@domzoom.com,Willodean,Meteer,826 10-street,Toledo,NC,10134,1962927175,1,0,
661,2020-01-21,Amie,Mondella,vlouissant@sunnamplex.com,vlouissant@sunnamplex.com,Viva,Louissant,9677 17-street,Laredo,VA,17201,6787813627,1,0,2020-05-13
662,2020-01-22,Dean,Meinerding,troyster@kan-code.com,troyster@kan-code.com,Ty,Royster,6993 11-street,Jersey City,CA,67631,7809866690,1,0,
665,2020-01-23,Jutta,Saulter,cpagliuca@betasoloin.com,cpagliuca@betasoloin.com,Catarina,Pagliuca,2537 18-street,Chesapeake,AZ,39058,4285698314,1,0,2020-05-26
666,2020-01-24,Charlene,Maclead,vkeener@kan-code.com,vkeener@kan-code.com,Virgina,Keener,6442 21-street,St. Petersburg,AZ,76382,4207746671,1,0,
669,2020-01-27,Fatima,Bitsuie,kpatak@groovestreet.com,kpatak@groovestreet.com,Karl,Patak,5111 8-street,Atlanta,CO,12554,3566256867,1,0,2020-05-13
670,2020-01-27,Ilene,Threets,jspickerman@y-corporation.com,jspickerman@y-corporation.com,Joseph,Spickerman,3992 8-street,Anaheim,CA,87162,631902612,1,0,2020-04-20
671,2020-01-28,Cecilia,Gesick,kharnos@conecom.com,kharnos@conecom.com,Kanisha,Harnos,1343 15-street,Chesapeake,AZ,75142,5651564822,1,0,
674,2020-01-29,Dorthy,Kines,cpaulas@opentech.com,cpaulas@opentech.com,Carlee,Paulas,6751 6-street,St. Louis,CA,40354,7399274620,1,0,
675,2020-01-29,,,lbayless@sumace.com,lbayless@sumace.com,Lorrine,Bayless,4015 17-street,Austin,TX,23088,3882307371,1,0,
679,2020-01-30,Merissa,Weglarz,jbuvens@plusstrip.com,jbuvens@plusstrip.com,Janine,Buvens,9670 11-street,Bakersfield,FL,13724,1175638045,1,0,
681,2020-01-31,Carey,Vanheusen,cmorasca@ganjaflex.com,cmorasca@ganjaflex.com,Chantell,Morasca,669 18-street,Norfolk,NC,66567,4564896082,1,0,
683,2020-02-03,Mirta,Hamilton,lsteffensmeier@gogozoom.com,lsteffensmeier@gogozoom.com,Lashon,Steffensmeier,824 2-street,San Francisco,CA,37737,1228445496,1,0,
686,2020-02-05,Dierdre,Darakjy,ebowley@ganjaflex.com,ebowley@ganjaflex.com,Ernie,Bowley,3121 12-street,Plano,NV,3558,9407037638,1,0,
687,2020-02-06,Talia,Nabours,rgarufi@bioplex.com,rgarufi@bioplex.com,Regenia,Garufi,8020 6-street,Kansas City,AZ,14901,2817952195,1,0,
690,2020-02-06,Theodora,Zane,mhoopengardner@xx-holding.com,mhoopengardner@xx-holding.com,Minna,Hoopengardner,8533 19-street,San Diego,CA,20674,1148144860,1,0,
692,2020-02-07,Carissa,Farrar,hmenter@doncon.com,hmenter@doncon.com,Hillary,Menter,3773 11-street,Hialeah,NV,25516,5879884007,1,0,
695,2020-02-10,,,kbenimadho@donquadtech.com,kbenimadho@donquadtech.com,Kristofer,Benimadho,7934 17-street,Los Angeles,CA,98376,6809682447,1,0,
699,2020-02-12,Samira,Mconnell,lbayless@sumace.com,lbayless@sumace.com,Lorrine,Bayless,4015 17-street,Austin,TX,23088,3882307371,1,0,
700,2020-02-12,Theodora,Reitler,mbolognia@finjob.com,mbolognia@finjob.com,Mitsue,Bolognia,9389 18-street,Detroit,MI,47637,779534703,1,0,
702,2020-02-13,Thurman,Zepp,kmyricks@groovestreet.com,kmyricks@groovestreet.com,Kenneth,Myricks,6153 14-street,Gilbert,LA,67479,510828696,1,0,
703,2020-02-14,Vilma,Hixenbaugh,egrenet@y-corporation.com,egrenet@y-corporation.com,Ernie,Grenet,5073 14-street,Virginia Beach,GA,49648,1697611014,1,0,
706,2020-02-17,Bernardine,Degroot,kcraghead@sumace.com,kcraghead@sumace.com,Kayleigh,Craghead,5350 6-street,Denver,CO,22151,2945618913,1,0,
707,2020-02-17,,,cperruzza@doncon.com,cperruzza@doncon.com,Colette,Perruzza,757 18-street,Denver,CO,56082,1854047826,1,0,
708,2020-02-18,Shawnda,Tegarden,aoles@bioplex.com,aoles@bioplex.com,Antione,Oles,6766 17-street,Newark,TX,65824,1075419082,1,0,
710,2020-02-19,Kenneth,Juhas,ldevreese@sonron.com,ldevreese@sonron.com,Lai,Devreese,6669 17-street,Atlanta,CO,47892,2295763217,1,0,
711,2020-02-19,,,lbayless@sumace.com,lbayless@sumace.com,Lorrine,Bayless,4015 17-street,Austin,TX,23088,3882307371,1,0,
712,2020-02-20,Mitsue,Monarrez,trulapaugh@yearin.com,trulapaugh@yearin.com,Timothy,Rulapaugh,6512 1-street,Minneapolis,OK,50531,8427777663,1,0,
713,2020-02-20,Graciela,Rhym,dseewald@goodsilron.com,dseewald@goodsilron.com,Dalene,Seewald,2541 20-street,Fort Wayne,FL,51178,5329170117,1,0,
724,2020-02-27,Dorothy,Kownacki,creitler@silis.com,creitler@silis.com,Casie,Reitler,9364 2-street,Santa Ana,MO,58819,9724575734,1,0,
727,2020-02-28,Vincenza,Bitsuie,icaldarera@yearin.com,icaldarera@yearin.com,Izetta,Caldarera,1073 3-street,Winston-Salem,AZ,7719,7165710328,1,0,2020-03-19
728,2020-03-02,,,lmonarrez@goodsilron.com,lmonarrez@goodsilron.com,Larae,Monarrez,8793 2-street,Miami,CA,240,9692306614,1,0,
732,2020-03-03,,,snicka@year-job.com,snicka@year-job.com,Shonda,Nicka,8687 19-street,Louisville/Jefferson County,OR,24281,2134076388,1,0,
736,2020-03-05,Bulah,Sayaphon,anievas@rangreen.com,anievas@rangreen.com,Alline,Nievas,5735 1-street,Stockton,OH,61767,1540065789,1,0,
739,2020-03-09,Shonda,Waymire,ahusser@finhigh.com,ahusser@finhigh.com,Ammie,Husser,8836 18-street,Memphis,TN,91431,4709913261,1,0,
740,2020-03-09,,,kcraghead@sumace.com,kcraghead@sumace.com,Kayleigh,Craghead,5350 6-street,Denver,CO,22151,2945618913,1,0,
741,2020-03-09,Elouise,Tromblay,trulapaugh@yearin.com,trulapaugh@yearin.com,Timothy,Rulapaugh,6512 1-street,Minneapolis,OK,50531,8427777663,1,0,
743,2020-03-10,,,adenooyer@kinnamplus.com,adenooyer@kinnamplus.com,Art,Denooyer,8189 4-street,Irvine,NC,93779,1737623015,1,0,
744,2020-03-10,Kristofer,Lapage,lharabedian@plussunin.com,lharabedian@plussunin.com,Lashaunda,Harabedian,2367 6-street,Charlotte,NC,90090,3736831230,1,0,
746,2020-03-10,Caprice,Keetch,kweglarz@streethex.com,kweglarz@streethex.com,Kayleigh,Weglarz,9715 16-street,Kansas City,AZ,98923,776708535,1,0,2020-06-09
748,2020-03-12,,,lpadilla@conecom.com,lpadilla@conecom.com,Leota,Padilla,6301 14-street,Wichita,TX,78386,6956904911,1,0,
749,2020-03-13,Donette,Rodeigues,estenseth@cancity.com,estenseth@cancity.com,Erinn,Stenseth,6364 14-street,Lubbock,CA,12415,5878076341,1,0,
754,2020-03-17,Geoffrey,Chavous,ckannady@dambase.com,ckannady@dambase.com,Catalina,Kannady,9999 7-street,Sacramento,CA,90468,1945134801,1,0,
758,2020-03-19,Glenn,Perruzza,smeteer@dalttechnology.com,smeteer@dalttechnology.com,Serina,Meteer,1473 12-street,Richmond,CA,19203,9502296621,1,0,
760,2020-03-20,Shenika,Pawlowicz,loldroyd@hottechi.com,loldroyd@hottechi.com,Lucy,Oldroyd,9392 18-street,Nashville-Davidson,MD,34894,8274477101,1,0,
761,2020-03-20,Lenna,Wide,jacey@inity.com,jacey@inity.com,Johnetta,Acey,9551 14-street,Wichita,TX,17071,4534969813,1,0,
763,2020-03-23,Cecily,Yglesias,lmorocco@year-job.com,lmorocco@year-job.com,Lorrie,Morocco,2629 1-street,Baltimore,OK,27365,428043150,1,0,
768,2020-03-25,Kanisha,Wolny,lharoldson@rangreen.com,lharoldson@rangreen.com,Lonny,Haroldson,7603 5-street,Fremont,ID,52777,9234972301,1,0,
772,2020-03-26,Portia,Julia,lnunlee@ron-tech.com,lnunlee@ron-tech.com,Lai,Nunlee,2983 6-street,Riverside,TX,70214,8322208696,1,0,
776,2020-03-30,Deandrea,Varriano,lnunlee@ron-tech.com,lnunlee@ron-tech.com,Lai,Nunlee,2983 6-street,Riverside,TX,70214,8322208696,1,0,
783,2020-04-02,Laurel,Gudroe,ebachman@goodsilron.com,ebachman@goodsilron.com,Ernie,Bachman,5728 9-street,El Paso,TX,90514,6559550575,1,0,
784,2020-04-02,Roosevelt,Shields,egoldammer@scottech.com,egoldammer@scottech.com,Elke,Goldammer,5061 3-street,Madison,TX,31967,7636589113,1,0,
787,2020-04-03,Claribel,Hagele,lharoldson@rangreen.com,lharoldson@rangreen.com,Lonny,Haroldson,7603 5-street,Fremont,ID,52777,9234972301,1,0,
792,2020-04-07,,,rgarufi@bioplex.com,rgarufi@bioplex.com,Regenia,Garufi,8020 6-street,Kansas City,AZ,14901,2817952195,1,0,
797,2020-04-09,Theola,Chesterfield,aboord@faxquote.com,aboord@faxquote.com,Adell,Boord,9664 3-street,Fort Wayne,FL,60156,8180277826,1,0,
806,2020-04-16,Vincenza,Keneipp,mreitler@fasehatice.com,mreitler@fasehatice.com,Mariann,Reitler,2800 20-street,Philadelphia,PA,70825,8934510509,1,0,
810,2020-04-20,Kris,Pedrozo,lflister@hottechi.com,lflister@hottechi.com,Lonny,Flister,7359 18-street,Winston-Salem,AZ,75981,5160672671,1,0,
816,2020-04-21,,,bmastella@kan-code.com,bmastella@kan-code.com,Brittni,Mastella,1142 11-street,Virginia Beach,GA,86605,3703831645,1,0,
821,2020-04-24,Galen,Kohnert,brestrepo@xx-holding.com,brestrepo@xx-holding.com,Belen,Restrepo,3761 7-street,Jersey City,CA,71855,6101805651,1,0,
823,2020-04-27,Roosevelt,Loader,creitler@silis.com,creitler@silis.com,Casie,Reitler,9364 2-street,Santa Ana,MO,58819,9724575734,1,0,
827,2020-04-28,Alyce,Ostrosky,smeteer@dalttechnology.com,smeteer@dalttechnology.com,Serina,Meteer,1473 12-street,Richmond,CA,19203,9502296621,1,0,2020-06-26
831,2020-04-29,Rhea,Samu,ncartan@statholdings.com,ncartan@statholdings.com,Nicolette,Cartan,9394 9-street,Portland,NV,78788,5818532403,1,0,
842,2020-05-05,Jani,Tolfree,aostolaza@finjob.com,aostolaza@finjob.com,Alecia,Ostolaza,781 15-street,Phoenix,AZ,81617,6965596189,1,0,
843,2020-05-05,Thaddeus,Palaia,ncartan@statholdings.com,ncartan@statholdings.com,Nicolette,Cartan,9394 9-street,Portland,NV,78788,5818532403,1,0,
848,2020-05-06,,,egrenet@y-corporation.com,egrenet@y-corporation.com,Ernie,Grenet,5073 14-street,Virginia Beach,GA,49648,1697611014,1,0,
862,2020-05-14,Viola,Ruta,troyster@kan-code.com,troyster@kan-code.com,Ty,Royster,6993 11-street,Jersey City,CA,67631,7809866690,1,0,
877,2020-05-22,Teddy,Pagliuca,dgellinger@dambase.com,dgellinger@dambase.com,Devora,Gellinger,3711 13-street,Corpus Christi,KY,3268,8628090963,1,0,
883,2020-05-28,Taryn,Meisel,egrenet@y-corporation.com,egrenet@y-corporation.com,Ernie,Grenet,5073 14-street,Virginia Beach,GA,49648,1697611014,1,0,
884,2020-05-28,Lizette,Hengel,cpagliuca@betasoloin.com,cpagliuca@betasoloin.com,Catarina,Pagliuca,2537 18-street,Chesapeake,AZ,39058,4285698314,1,0,
893,2020-06-04,Rory,Bennick,egrenet@y-corporation.com,egrenet@y-corporation.com,Ernie,Grenet,5073 14-street,Virginia Beach,GA,49648,1697611014,1,0,
909,2020-06-12,,,vkeener@kan-code.com,vkeener@kan-code.com,Virgina,Keener,6442 21-street,St. Petersburg,AZ,76382,4207746671,1,0,